# Made in Blockbench 4.9.4
mtllib rhm_b_wt.mtl

o cube
v 0.15625 0.2353354290456362 -0.38451505843608913
v 0.15625 0.18830339093776316 -0.49806044270216454
v 0.15625 0.15736746440013372 -0.352219670049296
v 0.15625 0.11033542629226056 -0.4657650543153714
v -0.15625 0.18830339093776316 -0.49806044270216454
v -0.15625 0.2353354290456362 -0.38451505843608913
v -0.15625 0.11033542629226056 -0.4657650543153714
v -0.15625 0.15736746440013372 -0.352219670049296
vt 0.2578125 0.8828125
vt 0.296875 0.8828125
vt 0.296875 0.873046875
vt 0.2578125 0.873046875
vt 0.3203125 0.9140625
vt 0.3359375 0.9140625
vt 0.3359375 0.904296875
vt 0.3203125 0.904296875
vt 0.1953125 0.7421875
vt 0.234375 0.7421875
vt 0.234375 0.732421875
vt 0.1953125 0.732421875
vt 0.125 0.6796875
vt 0.140625 0.6796875
vt 0.140625 0.669921875
vt 0.125 0.669921875
vt 0.265625 0.8359375
vt 0.2265625 0.8359375
vt 0.2265625 0.8515625
vt 0.265625 0.8515625
vt 0.265625 0.828125
vt 0.2265625 0.828125
vt 0.2265625 0.8125
vt 0.265625 0.8125
vn 0 -0.3826834323650897 -0.9238795325112867
vn 1 0 0
vn 0 0.3826834323650897 0.9238795325112867
vn -1 0 0
vn 0 0.9238795325112867 -0.3826834323650897
vn 0 -0.9238795325112867 0.3826834323650897
usemtl m_77ac54df-b84a-5907-566f-a40e0ce18a0b
f 4/4/1 7/3/1 5/2/1 2/1/1
f 3/8/2 4/7/2 2/6/2 1/5/2
f 8/12/3 3/11/3 1/10/3 6/9/3
f 7/16/4 8/15/4 6/14/4 5/13/4
f 6/20/5 1/19/5 2/18/5 5/17/5
f 7/24/6 4/23/6 3/22/6 8/21/6
o cube
v 0.15625 0.2353354290456362 0.4154849415639109
v 0.15625 0.2353354290456362 -0.38451505843608913
v 0.15625 0.1103354290456362 0.4154849415639109
v 0.15625 0.1103354290456362 -0.38451505843608913
v -0.15625 0.2353354290456362 -0.38451505843608913
v -0.15625 0.2353354290456362 0.4154849415639109
v -0.15625 0.1103354290456362 -0.38451505843608913
v -0.15625 0.1103354290456362 0.4154849415639109
vt 0.2265625 0.8046875
vt 0.265625 0.8046875
vt 0.265625 0.7890625
vt 0.2265625 0.7890625
vt 0 0.875
vt 0.099609375 0.875
vt 0.099609375 0.859375
vt 0 0.859375
vt 0.2265625 0.78125
vt 0.265625 0.78125
vt 0.265625 0.765625
vt 0.2265625 0.765625
vt 0.109375 0.875
vt 0.208984375 0.875
vt 0.208984375 0.859375
vt 0.109375 0.859375
vt 0.0390625 0.900390625
vt 0 0.900390625
vt 0 1
vt 0.0390625 1
vt 0.0859375 1
vt 0.046875 1
vt 0.046875 0.900390625
vt 0.0859375 0.900390625
vn 0 0 -1
vn 1 0 0
vn 0 0 1
vn -1 0 0
vn 0 1 0
vn 0 -1 0
usemtl m_77ac54df-b84a-5907-566f-a40e0ce18a0b
f 12/28/7 15/27/7 13/26/7 10/25/7
f 11/32/8 12/31/8 10/30/8 9/29/8
f 16/36/9 11/35/9 9/34/9 14/33/9
f 15/40/10 16/39/10 14/38/10 13/37/10
f 14/44/11 9/43/11 10/42/11 13/41/11
f 15/48/12 12/47/12 11/46/12 16/45/12
o cube
v 0.15625 0.16658542904563622 -0.38451505843608913
v 0.15625 0.16658542904563622 -0.4657650584360892
v 0.15625 0.1103354290456362 -0.38451505843608913
v 0.15625 0.1103354290456362 -0.4657650584360892
v -0.15625 0.16658542904563622 -0.4657650584360892
v -0.15625 0.16658542904563622 -0.38451505843608913
v -0.15625 0.1103354290456362 -0.4657650584360892
v -0.15625 0.1103354290456362 -0.38451505843608913
vt 0.265625 0.7578125
vt 0.3046875 0.7578125
vt 0.3046875 0.75
vt 0.265625 0.75
vt 0.359375 0.9296875
vt 0.369140625 0.9296875
vt 0.369140625 0.921875
vt 0.359375 0.921875
vt 0.2734375 0.8125
vt 0.3125 0.8125
vt 0.3125 0.8046875
vt 0.2734375 0.8046875
vt 0.078125 0.640625
vt 0.087890625 0.640625
vt 0.087890625 0.6328125
vt 0.078125 0.6328125
vt 0.28125 0.732421875
vt 0.2421875 0.732421875
vt 0.2421875 0.7421875
vt 0.28125 0.7421875
vt 0.078125 0.7265625
vt 0.0390625 0.7265625
vt 0.0390625 0.716796875
vt 0.078125 0.716796875
vn 0 0 -1
vn 1 0 0
vn 0 0 1
vn -1 0 0
vn 0 1 0
vn 0 -1 0
usemtl m_77ac54df-b84a-5907-566f-a40e0ce18a0b
f 20/52/13 23/51/13 21/50/13 18/49/13
f 19/56/14 20/55/14 18/54/14 17/53/14
f 24/60/15 19/59/15 17/58/15 22/57/15
f 23/64/16 24/63/16 22/62/16 21/61/16
f 22/68/17 17/67/17 18/66/17 21/65/17
f 23/72/18 20/71/18 19/70/18 24/69/18
o cube
v 0.15625 0.14843155428532662 0.5023887924823622
v 0.15625 0.2353354290456362 0.41548491772205276
v 0.15625 0.08875745763520482 0.44271469583224066
v 0.15625 0.1756613323955145 0.35581082107193107
v -0.15625 0.2353354290456362 0.41548491772205276
v -0.15625 0.14843155428532662 0.5023887924823622
v -0.15625 0.1756613323955145 0.35581082107193107
v -0.15625 0.08875745763520482 0.44271469583224066
vt 0.2734375 0.859375
vt 0.3125 0.859375
vt 0.3125 0.849609375
vt 0.2734375 0.849609375
vt 0.328125 0.796875
vt 0.34375 0.796875
vt 0.34375 0.787109375
vt 0.328125 0.787109375
vt 0.2734375 0.8359375
vt 0.3125 0.8359375
vt 0.3125 0.826171875
vt 0.2734375 0.826171875
vt 0.2109375 0.671875
vt 0.2265625 0.671875
vt 0.2265625 0.662109375
vt 0.2109375 0.662109375
vt 0.0390625 0.75
vt 0 0.75
vt 0 0.765625
vt 0.0390625 0.765625
vt 0.0859375 0.765625
vt 0.046875 0.765625
vt 0.046875 0.75
vt 0.0859375 0.75
vn 0 0.7071067811865476 -0.7071067811865475
vn 1 0 0
vn 0 -0.7071067811865476 0.7071067811865475
vn -1 0 0
vn 0 0.7071067811865475 0.7071067811865476
vn 0 -0.7071067811865475 -0.7071067811865476
usemtl m_77ac54df-b84a-5907-566f-a40e0ce18a0b
f 28/76/19 31/75/19 29/74/19 26/73/19
f 27/80/20 28/79/20 26/78/20 25/77/20
f 32/84/21 27/83/21 25/82/21 30/81/21
f 31/88/22 32/87/22 30/86/22 29/85/22
f 30/92/23 25/91/23 26/90/23 29/89/23
f 31/96/24 28/95/24 27/94/24 32/93/24
o cuboid
v -0.15625 0.23124999999999998 0.41874999999999996
v -0.15625 0.23124999999999998 -0.25
v -0.15625 0.1875 0.4125000000000001
v -0.15625 0.1875 -0.25
v -0.21093749999999997 0.23124999999999998 0.41874999999999984
v -0.15625 0.1875 0.4125000000000001
v -0.15625 0.1875 -0.25
v -0.21093749999999994 0.23124999999999998 -0.24999999999999997
vt 0.0859375 0.890625
vt 0 0.890625
vt 0.0007812500000000042 0.8828125
vt 0.0859375 0.8828125
vt 0.0830078125 0.7734375
vt 0.0837890625 0.78125
vt 0.00019531250000000278 0.78125
vt 0.00019531250000000278 0.7734375
vt 0.1953125 0.765625
vt 0.203125 0.765625
vt 0.203125 0.8515625
vt 0.1953125 0.8515625
vt 0 0.9140625
vt 0 0.9140625
vt 0 1
vt 0 1
vt 0.3427734375 0.7578125
vt 0.3359375 0.7578125
vt 0.34375 0.75
vt 0.34375 0.75
vt 0.21826171875 0.609375
vt 0.21142578125 0.609375
vt 0.21142578125 0.6015625
vt 0.21142578125 0.6015625
vn 1 0 0
vn -0.6246950475544244 -0.7808688094430304 -3.703876235857033e-17
vn 0 1 0
vn 0 0 0
vn -2.0097183471152344e-15 -0.14142135623730662 0.9899494936611671
vn -5.075305255429293e-16 0 -1
usemtl m_77ac54df-b84a-5907-566f-a40e0ce18a0b
f 34/97/25 33/98/25 35/99/25 36/100/25
f 38/101/26 37/102/26 40/103/26 39/104/26
f 37/105/27 33/106/27 34/107/27 40/108/27
f 35/109/28 38/110/28 36/111/28 39/112/28
f 33/113/29 37/114/29 35/115/29 38/116/29
f 40/117/30 34/118/30 36/119/30 39/120/30
o cuboid
v -0.15624999999999997 0.23124999999999998 -0.25
v -0.15625 0.23124999999999998 -0.38124999999999987
v -0.15625 0.1875 -0.2499999999999999
v -0.15625 0.23125000000000004 -0.38124999999999987
v -0.21093749999999997 0.23124999999999998 -0.2500000000000001
v -0.15625 0.1875 -0.2499999999999999
v -0.15625 0.23125 -0.38124999999999987
v -0.15624999999999994 0.23124999999999998 -0.38124999999999987
vt 0.34375 0.905859375
vt 0.34375 0.900390625
vt 0.359375 0.905859375
vt 0.359375 0.905859375
vt 0.0625 0.6640625
vt 0.06512890625000001 0.65571171875
vt 0.078125 0.6640625
vt 0.078125 0.6640625
vt 0.1162109375 0.7421875
vt 0.109375 0.7421875
vt 0.1171875 0.7265625
vt 0.1171875 0.7265625
vt 0 0.984375
vt 0 0.984375
vt 0 1
vt 0 1
vt 0.3583984375 0.625
vt 0.3515625 0.625
vt 0.359375 0.6171875
vt 0.359375 0.6171875
vt 0 1
vt 0 1
vt 0 1
vt 0 1
vn 1 -6.344131569286617e-16 -2.1147105230955384e-16
vn 0.6045512662318535 0.7556890827898182 0.25189636092993956
vn 0 -1 0
vn 0 0 0
vn -2.0301221021717147e-15 2.5376526277146455e-15 1
vn 0 0 -1
usemtl m_77ac54df-b84a-5907-566f-a40e0ce18a0b
f 41/121/31 43/122/31 42/123/31 44/124/31
f 45/125/32 46/126/32 48/127/32 47/128/32
f 41/129/33 45/130/33 42/131/33 48/132/33
f 43/133/34 46/134/34 44/135/34 47/136/34
f 41/137/35 45/138/35 43/139/35 46/140/35
f 42/141/36 44/142/36 48/143/36 47/144/36
o cuboid
v 0.15625 0.23124999999999998 0.41874999999999996
v 0.15625 0.23124999999999998 -0.25
v 0.15625 0.1875 0.4125000000000001
v 0.15625 0.1875 -0.25
v 0.21093749999999997 0.23124999999999998 0.41874999999999984
v 0.15625 0.1875 0.4125000000000001
v 0.15625 0.1875 -0.25
v 0.21093749999999994 0.23124999999999998 -0.24999999999999997
vt 0.3017578125 0.9921875
vt 0.3025390625 1
vt 0.2189453125 1
vt 0.2189453125 0.9921875
vt 0.28125 0.8984375
vt 0.1953125 0.8984375
vt 0.19609375 0.890625
vt 0.28125 0.890625
vt 0.2109375 0.8515625
vt 0.2109375 0.765625
vt 0.21875 0.765625
vt 0.21875 0.8515625
vt 0 0.9140625
vt 0 0.9140625
vt 0 1
vt 0 1
vt 0.13232421875 0.6015625
vt 0.12548828125 0.6015625
vt 0.12548828125 0.59375
vt 0.12548828125 0.59375
vt 0.1328125 0.609375
vt 0.1328125 0.6171875
vt 0.125 0.6171875
vt 0.1318359375 0.609375
vn -1 0 0
vn 0.6246950475544244 -0.7808688094430304 -3.889070047649883e-17
vn 0 1 0
vn 0 0 0
vn 2.0097183471152344e-15 -0.14142135623730662 0.9899494936611671
vn 5.075305255429293e-16 0 -1
usemtl m_77ac54df-b84a-5907-566f-a40e0ce18a0b
f 51/145/37 49/146/37 50/147/37 52/148/37
f 56/149/38 53/150/38 54/151/38 55/152/38
f 50/153/39 49/154/39 53/155/39 56/156/39
f 54/157/40 51/158/40 52/159/40 55/160/40
f 53/161/41 49/162/41 51/163/41 54/164/41
f 52/165/42 50/166/42 56/167/42 55/168/42
o cuboid
v 0.15624999999999997 0.23124999999999998 -0.25
v 0.15625 0.23124999999999998 -0.38124999999999987
v 0.15625 0.1875 -0.2499999999999999
v 0.15625 0.23125000000000004 -0.38124999999999987
v 0.21093749999999997 0.23124999999999998 -0.2500000000000001
v 0.15625 0.1875 -0.2499999999999999
v 0.15625 0.23125 -0.38124999999999987
v 0.15624999999999994 0.23124999999999998 -0.38124999999999987
vt 0.3515625 0.733984375
vt 0.3671875 0.728515625
vt 0.3671875 0.733984375
vt 0.3515625 0.733984375
vt 0.03125 0.6640625
vt 0.046394531249999996 0.65571171875
vt 0.049023437499999996 0.6640625
vt 0.03125 0.6640625
vt 0.35986328125 0.9609375
vt 0.36669921875 0.9765625
vt 0.35986328125 0.9765625
vt 0.35986328125 0.9609375
vt 0 0.984375
vt 0 0.984375
vt 0 1
vt 0 1
vt 0.40576171875 0.828125
vt 0.39892578125 0.828125
vt 0.39892578125 0.8203125
vt 0.39892578125 0.8203125
vt 0 1
vt 0 1
vt 0 1
vt 0 1
vn -1 -6.344131569286617e-16 -2.1147105230955384e-16
vn -0.6045512662318535 0.7556890827898182 0.25189636092993956
vn 0 -1 0
vn 0 0 0
vn 2.0301221021717147e-15 2.5376526277146455e-15 1
vn 0 0 -1
usemtl m_77ac54df-b84a-5907-566f-a40e0ce18a0b
f 58/169/43 59/170/43 57/171/43 60/172/43
f 64/173/44 62/174/44 61/175/44 63/176/44
f 58/177/45 61/178/45 57/179/45 64/180/45
f 62/181/46 59/182/46 60/183/46 63/184/46
f 61/185/47 57/186/47 59/187/47 62/188/47
f 60/189/48 58/190/48 64/191/48 63/192/48
o cube
v -0.15625 0.18125000000000002 0.36875
v -0.15625 0.18125000000000002 -0.34746678338527726
v -0.15625 0.046729834415349836 0.36875
v -0.15625 0.046729834415349836 -0.34746678338527726
v -0.2265625 0.18125000000000002 -0.34746678338527726
v -0.2265625 0.18125000000000002 0.36875
v -0.2265625 0.046729834415349836 -0.34746678338527726
v -0.2265625 0.046729834415349836 0.36875
vt 0.3046875 0.7421875
vt 0.314453125 0.7421875
vt 0.314453125 0.724609375
vt 0.3046875 0.724609375
vt 0.09375 1
vt 0.18359375 1
vt 0.18359375 0.982421875
vt 0.09375 0.982421875
vt 0.3125 1
vt 0.322265625 1
vt 0.322265625 0.982421875
vt 0.3125 0.982421875
vt 0.09375 0.96875
vt 0.18359375 0.96875
vt 0.18359375 0.951171875
vt 0.09375 0.951171875
vt 0.134765625 0.76171875
vt 0.125 0.76171875
vt 0.125 0.8515625
vt 0.134765625 0.8515625
vt 0.158203125 0.8515625
vt 0.1484375 0.8515625
vt 0.1484375 0.76171875
vt 0.158203125 0.76171875
vn 0 0 -1
vn 1 0 0
vn 0 0 1
vn -1 0 0
vn 0 1 0
vn 0 -1 0
usemtl m_77ac54df-b84a-5907-566f-a40e0ce18a0b
f 68/196/49 71/195/49 69/194/49 66/193/49
f 67/200/50 68/199/50 66/198/50 65/197/50
f 72/204/51 67/203/51 65/202/51 70/201/51
f 71/208/52 72/207/52 70/206/52 69/205/52
f 70/212/53 65/211/53 66/210/53 69/209/53
f 71/216/54 68/215/54 67/214/54 72/213/54
o cube
v -0.15625 0.18125000000000002 -0.34375000000000006
v -0.15625 0.18125000000000002 -0.43750000000000006
v -0.15625 0.16249999999999998 -0.34375000000000006
v -0.15625 0.16249999999999998 -0.43750000000000006
v -0.2265625 0.18125000000000002 -0.43750000000000006
v -0.2265625 0.18125000000000002 -0.34375000000000006
v -0.2265625 0.16249999999999998 -0.43750000000000006
v -0.2265625 0.16249999999999998 -0.34375000000000006
vt 0.203125 0.5703125
vt 0.212890625 0.5703125
vt 0.212890625 0.568359375
vt 0.203125 0.568359375
vt 0.0703125 0.578125
vt 0.0859375 0.578125
vt 0.0859375 0.576171875
vt 0.0703125 0.576171875
vt 0.4296875 0.78125
vt 0.439453125 0.78125
vt 0.439453125 0.779296875
vt 0.4296875 0.779296875
vt 0.09375 0.578125
vt 0.109375 0.578125
vt 0.109375 0.576171875
vt 0.09375 0.576171875
vt 0.330078125 0.8515625
vt 0.3203125 0.8515625
vt 0.3203125 0.8671875
vt 0.330078125 0.8671875
vt 0.330078125 0.84375
vt 0.3203125 0.84375
vt 0.3203125 0.828125
vt 0.330078125 0.828125
vn 0 0 -1
vn 1 0 0
vn 0 0 1
vn -1 0 0
vn 0 1 0
vn 0 -1 0
usemtl m_77ac54df-b84a-5907-566f-a40e0ce18a0b
f 76/220/55 79/219/55 77/218/55 74/217/55
f 75/224/56 76/223/56 74/222/56 73/221/56
f 80/228/57 75/227/57 73/226/57 78/225/57
f 79/232/58 80/231/58 78/230/58 77/229/58
f 78/236/59 73/235/59 74/234/59 77/233/59
f 79/240/60 76/239/60 75/238/60 80/237/60
o cube
v -0.15625 0.18124999905544004 -0.43750000228036956
v -0.15625 0.15915291214336047 -0.4595970891924491
v -0.15625 0.1679917469081923 -0.42424175013312176
v -0.15625 0.14589465999611262 -0.44633883704520133
v -0.2265625 0.15915291214336047 -0.4595970891924491
v -0.2265625 0.18124999905544004 -0.43750000228036956
v -0.2265625 0.14589465999611262 -0.44633883704520133
v -0.2265625 0.1679917469081923 -0.42424175013312176
vt 0.25 0.5703125
vt 0.259765625 0.5703125
vt 0.259765625 0.568359375
vt 0.25 0.568359375
vt 0.4609375 1
vt 0.46484375 1
vt 0.46484375 0.998046875
vt 0.4609375 0.998046875
vt 0.4296875 0.6640625
vt 0.439453125 0.6640625
vt 0.439453125 0.662109375
vt 0.4296875 0.662109375
vt 0.015625 0.5390625
vt 0.01953125 0.5390625
vt 0.01953125 0.537109375
vt 0.015625 0.537109375
vt 0.197265625 0.58984375
vt 0.1875 0.58984375
vt 0.1875 0.59375
vt 0.197265625 0.59375
vt 0.416015625 0.7734375
vt 0.40625 0.7734375
vt 0.40625 0.76953125
vt 0.416015625 0.76953125
vn 0 -0.7071067811865476 -0.7071067811865475
vn 1 0 0
vn 0 0.7071067811865476 0.7071067811865475
vn -1 0 0
vn 0 0.7071067811865475 -0.7071067811865476
vn 0 -0.7071067811865475 0.7071067811865476
usemtl m_77ac54df-b84a-5907-566f-a40e0ce18a0b
f 84/244/61 87/243/61 85/242/61 82/241/61
f 83/248/62 84/247/62 82/246/62 81/245/62
f 88/252/63 83/251/63 81/250/63 86/249/63
f 87/256/64 88/255/64 86/254/64 85/253/64
f 86/260/65 81/259/65 82/258/65 85/257/65
f 87/264/66 84/263/66 83/262/66 88/261/66
o cube
v -0.15625 0.15915291319703162 -0.440847088138778
v -0.15625 0.15915291319703162 -0.45959708813877803
v -0.15625 0.12165291319703164 -0.440847088138778
v -0.15625 0.12165291319703164 -0.45959708813877803
v -0.2265625 0.15915291319703162 -0.45959708813877803
v -0.2265625 0.15915291319703162 -0.440847088138778
v -0.2265625 0.12165291319703164 -0.45959708813877803
v -0.2265625 0.12165291319703164 -0.440847088138778
vt 0.2890625 0.59375
vt 0.298828125 0.59375
vt 0.298828125 0.58984375
vt 0.2890625 0.58984375
vt 0.4609375 0.984375
vt 0.462890625 0.984375
vt 0.462890625 0.98046875
vt 0.4609375 0.98046875
vt 0.3125 0.59375
vt 0.322265625 0.59375
vt 0.322265625 0.58984375
vt 0.3125 0.58984375
vt 0.03125 0.5390625
vt 0.033203125 0.5390625
vt 0.033203125 0.53515625
vt 0.03125 0.53515625
vt 0.439453125 0.646484375
vt 0.4296875 0.646484375
vt 0.4296875 0.6484375
vt 0.439453125 0.6484375
vt 0.439453125 0.6328125
vt 0.4296875 0.6328125
vt 0.4296875 0.630859375
vt 0.439453125 0.630859375
vn 0 0 -1
vn 1 0 0
vn 0 0 1
vn -1 0 0
vn 0 1 0
vn 0 -1 0
usemtl m_77ac54df-b84a-5907-566f-a40e0ce18a0b
f 92/268/67 95/267/67 93/266/67 90/265/67
f 91/272/68 92/271/68 90/270/68 89/269/68
f 96/276/69 91/275/69 89/274/69 94/273/69
f 95/280/70 96/279/70 94/278/70 93/277/70
f 94/284/71 89/283/71 90/282/71 93/281/71
f 95/288/72 92/287/72 91/286/72 96/285/72
o cube
v -0.15625 0.08629757291203899 -0.39772524481301574
v -0.15625 0.13491116411861426 -0.4463388360195909
v -0.15625 0.07303932076479125 -0.4109834969602635
v -0.15625 0.1216529119713664 -0.4595970881668387
v -0.2265625 0.13491116411861426 -0.4463388360195909
v -0.2265625 0.08629757291203899 -0.39772524481301574
v -0.2265625 0.1216529119713664 -0.4595970881668387
v -0.2265625 0.07303932076479125 -0.4109834969602635
vt 0.4296875 0.6171875
vt 0.439453125 0.6171875
vt 0.439453125 0.615234375
vt 0.4296875 0.615234375
vt 0.046875 0.5546875
vt 0.0546875 0.5546875
vt 0.0546875 0.552734375
vt 0.046875 0.552734375
vt 0.4296875 0.6015625
vt 0.439453125 0.6015625
vt 0.439453125 0.599609375
vt 0.4296875 0.599609375
vt 0.15625 0.5546875
vt 0.1640625 0.5546875
vt 0.1640625 0.552734375
vt 0.15625 0.552734375
vt 0.369140625 0.8671875
vt 0.359375 0.8671875
vt 0.359375 0.875
vt 0.369140625 0.875
vt 0.369140625 0.859375
vt 0.359375 0.859375
vt 0.359375 0.8515625
vt 0.369140625 0.8515625
vn 0 0.7071067811865476 -0.7071067811865475
vn 1 0 0
vn 0 -0.7071067811865476 0.7071067811865475
vn -1 0 0
vn 0 0.7071067811865475 0.7071067811865476
vn 0 -0.7071067811865475 -0.7071067811865476
usemtl m_77ac54df-b84a-5907-566f-a40e0ce18a0b
f 100/292/73 103/291/73 101/290/73 98/289/73
f 99/296/74 100/295/74 98/294/74 97/293/74
f 104/300/75 99/299/75 97/298/75 102/297/75
f 103/304/76 104/303/76 102/302/76 101/301/76
f 102/308/77 97/307/77 98/306/77 101/305/77
f 103/312/78 100/311/78 99/310/78 104/309/78
o cube
v -0.15625 0.06405257529795927 -0.34029146401694843
v -0.15625 0.09036206127305924 -0.4038081818770995
v -0.15625 0.04672983406337261 -0.34746677837379386
v -0.15625 0.07303932003847258 -0.4109834962339449
v -0.2265625 0.09036206127305924 -0.4038081818770995
v -0.2265625 0.06405257529795927 -0.34029146401694843
v -0.2265625 0.07303932003847258 -0.4109834962339449
v -0.2265625 0.04672983406337261 -0.34746677837379386
vt 0.4375 1
vt 0.447265625 1
vt 0.447265625 0.998046875
vt 0.4375 0.998046875
vt 0.0625 0.546875
vt 0.0703125 0.546875
vt 0.0703125 0.544921875
vt 0.0625 0.544921875
vt 0.4375 0.984375
vt 0.447265625 0.984375
vt 0.447265625 0.982421875
vt 0.4375 0.982421875
vt 0.078125 0.546875
vt 0.0859375 0.546875
vt 0.0859375 0.544921875
vt 0.078125 0.544921875
vt 0.166015625 0.6328125
vt 0.15625 0.6328125
vt 0.15625 0.640625
vt 0.166015625 0.640625
vt 0.369140625 0.84375
vt 0.359375 0.84375
vt 0.359375 0.8359375
vt 0.369140625 0.8359375
vn 0 0.3826834323650897 -0.9238795325112867
vn 1 0 0
vn 0 -0.3826834323650897 0.9238795325112867
vn -1 0 0
vn 0 0.9238795325112867 0.3826834323650897
vn 0 -0.9238795325112867 -0.3826834323650897
usemtl m_77ac54df-b84a-5907-566f-a40e0ce18a0b
f 108/316/79 111/315/79 109/314/79 106/313/79
f 107/320/80 108/319/80 106/318/80 105/317/80
f 112/324/81 107/323/81 105/322/81 110/321/81
f 111/328/82 112/327/82 110/326/82 109/325/82
f 110/332/83 105/331/83 106/330/83 109/329/83
f 111/336/84 108/335/84 107/334/84 112/333/84
o cube
v -0.15625 0.1625000000000001 -0.34375
v -0.15625 0.1625000000000001 -0.44121678338527726
v -0.15625 0.1217298344153499 -0.34375
v -0.15625 0.1217298344153499 -0.44121678338527726
v -0.2265625 0.1625000000000001 -0.44121678338527726
v -0.2265625 0.1625000000000001 -0.34375
v -0.2265625 0.1217298344153499 -0.44121678338527726
v -0.2265625 0.1217298344153499 -0.34375
vt 0.2265625 0.6171875
vt 0.236328125 0.6171875
vt 0.236328125 0.611328125
vt 0.2265625 0.611328125
vt 0.203125 0.625
vt 0.21484375 0.625
vt 0.21484375 0.619140625
vt 0.203125 0.619140625
vt 0.25 0.6171875
vt 0.259765625 0.6171875
vt 0.259765625 0.611328125
vt 0.25 0.611328125
vt 0.375 0.796875
vt 0.38671875 0.796875
vt 0.38671875 0.791015625
vt 0.375 0.791015625
vt 0.275390625 0.64453125
vt 0.265625 0.64453125
vt 0.265625 0.65625
vt 0.275390625 0.65625
vt 0.353515625 0.71875
vt 0.34375 0.71875
vt 0.34375 0.70703125
vt 0.353515625 0.70703125
vn 0 0 -1
vn 1 0 0
vn 0 0 1
vn -1 0 0
vn 0 1 0
vn 0 -1 0
usemtl m_77ac54df-b84a-5907-566f-a40e0ce18a0b
f 116/340/85 119/339/85 117/338/85 114/337/85
f 115/344/86 116/343/86 114/342/86 113/341/86
f 120/348/87 115/347/87 113/346/87 118/345/87
f 119/352/88 120/351/88 118/350/88 117/349/88
f 118/356/89 113/355/89 114/354/89 117/353/89
f 119/360/90 116/359/90 115/358/90 120/357/90
o cube
v -0.15625 0.125 -0.34375
v -0.15625 0.125 -0.40996678338527726
v -0.15625 0.08422983441534981 -0.34375
v -0.15625 0.08422983441534981 -0.40996678338527726
v -0.2265625 0.125 -0.40996678338527726
v -0.2265625 0.125 -0.34375
v -0.2265625 0.08422983441534981 -0.40996678338527726
v -0.2265625 0.08422983441534981 -0.34375
vt 0.2734375 0.6171875
vt 0.283203125 0.6171875
vt 0.283203125 0.611328125
vt 0.2734375 0.611328125
vt 0.3984375 0.7890625
vt 0.40625 0.7890625
vt 0.40625 0.783203125
vt 0.3984375 0.783203125
vt 0.3671875 0.6171875
vt 0.376953125 0.6171875
vt 0.376953125 0.611328125
vt 0.3671875 0.611328125
vt 0.2578125 0.6015625
vt 0.265625 0.6015625
vt 0.265625 0.595703125
vt 0.2578125 0.595703125
vt 0.369140625 0.8203125
vt 0.359375 0.8203125
vt 0.359375 0.828125
vt 0.369140625 0.828125
vt 0.322265625 0.640625
vt 0.3125 0.640625
vt 0.3125 0.6328125
vt 0.322265625 0.6328125
vn 0 0 -1
vn 1 0 0
vn 0 0 1
vn -1 0 0
vn 0 1 0
vn 0 -1 0
usemtl m_77ac54df-b84a-5907-566f-a40e0ce18a0b
f 124/364/91 127/363/91 125/362/91 122/361/91
f 123/368/92 124/367/92 122/366/92 121/365/92
f 128/372/93 123/371/93 121/370/93 126/369/93
f 127/376/94 128/375/94 126/374/94 125/373/94
f 126/380/95 121/379/95 122/378/95 125/377/95
f 127/384/96 124/383/96 123/382/96 128/381/96
o cube
v -0.15625 0.08749999999999991 -0.34375
v -0.15625 0.08749999999999991 -0.3912167833852773
v -0.15625 0.06547983441534977 -0.34375
v -0.15625 0.06547983441534977 -0.3912167833852773
v -0.2265625 0.08749999999999991 -0.3912167833852773
v -0.2265625 0.08749999999999991 -0.34375
v -0.2265625 0.06547983441534977 -0.3912167833852773
v -0.2265625 0.06547983441534977 -0.34375
vt 0.4375 0.96875
vt 0.447265625 0.96875
vt 0.447265625 0.966796875
vt 0.4375 0.966796875
vt 0.453125 0.640625
vt 0.458984375 0.640625
vt 0.458984375 0.638671875
vt 0.453125 0.638671875
vt 0.4375 0.953125
vt 0.447265625 0.953125
vt 0.447265625 0.951171875
vt 0.4375 0.951171875
vt 0.3671875 0.546875
vt 0.373046875 0.546875
vt 0.373046875 0.544921875
vt 0.3671875 0.544921875
vt 0.087890625 0.603515625
vt 0.078125 0.603515625
vt 0.078125 0.609375
vt 0.087890625 0.609375
vt 0.400390625 0.921875
vt 0.390625 0.921875
vt 0.390625 0.916015625
vt 0.400390625 0.916015625
vn 0 0 -1
vn 1 0 0
vn 0 0 1
vn -1 0 0
vn 0 1 0
vn 0 -1 0
usemtl m_77ac54df-b84a-5907-566f-a40e0ce18a0b
f 132/388/97 135/387/97 133/386/97 130/385/97
f 131/392/98 132/391/98 130/390/98 129/389/98
f 136/396/99 131/395/99 129/394/99 134/393/99
f 135/400/100 136/399/100 134/398/100 133/397/100
f 134/404/101 129/403/101 130/402/101 133/401/101
f 135/408/102 132/407/102 131/406/102 136/405/102
o cube
v -0.15625 0.125 -0.38593750000000004
v -0.15625 0.125 -0.43340428338527726
v -0.15625 0.09672983441534977 -0.38593750000000004
v -0.15625 0.09672983441534977 -0.43340428338527726
v -0.2265625 0.125 -0.43340428338527726
v -0.2265625 0.125 -0.38593750000000004
v -0.2265625 0.09672983441534977 -0.43340428338527726
v -0.2265625 0.09672983441534977 -0.38593750000000004
vt 0.3359375 0.59375
vt 0.345703125 0.59375
vt 0.345703125 0.58984375
vt 0.3359375 0.58984375
vt 0.140625 0.578125
vt 0.146484375 0.578125
vt 0.146484375 0.57421875
vt 0.140625 0.57421875
vt 0.3828125 0.59375
vt 0.392578125 0.59375
vt 0.392578125 0.58984375
vt 0.3828125 0.58984375
vt 0.3125 0.578125
vt 0.318359375 0.578125
vt 0.318359375 0.57421875
vt 0.3125 0.57421875
vt 0.400390625 0.900390625
vt 0.390625 0.900390625
vt 0.390625 0.90625
vt 0.400390625 0.90625
vt 0.111328125 0.609375
vt 0.1015625 0.609375
vt 0.1015625 0.603515625
vt 0.111328125 0.603515625
vn 0 0 -1
vn 1 0 0
vn 0 0 1
vn -1 0 0
vn 0 1 0
vn 0 -1 0
usemtl m_77ac54df-b84a-5907-566f-a40e0ce18a0b
f 140/412/103 143/411/103 141/410/103 138/409/103
f 139/416/104 140/415/104 138/414/104 137/413/104
f 144/420/105 139/419/105 137/418/105 142/417/105
f 143/424/106 144/423/106 142/422/106 141/421/106
f 142/428/107 137/427/107 138/426/107 141/425/107
f 143/432/108 140/431/108 139/430/108 144/429/108
o cube
v -0.15625 0.09036206127305924 0.42255818187709937
v -0.15625 0.06405257529795927 0.35904146401694836
v -0.15625 0.07303932003847258 0.42973349623394475
v -0.15625 0.04672983406337261 0.36621677837379374
v -0.2265625 0.06405257529795927 0.35904146401694836
v -0.2265625 0.09036206127305924 0.42255818187709937
v -0.2265625 0.04672983406337261 0.36621677837379374
v -0.2265625 0.07303932003847258 0.42973349623394475
vt 0.0625 0.5625
vt 0.072265625 0.5625
vt 0.072265625 0.560546875
vt 0.0625 0.560546875
vt 0.09375 0.546875
vt 0.1015625 0.546875
vt 0.1015625 0.544921875
vt 0.09375 0.544921875
vt 0.4375 0.9375
vt 0.447265625 0.9375
vt 0.447265625 0.935546875
vt 0.4375 0.935546875
vt 0.1328125 0.546875
vt 0.140625 0.546875
vt 0.140625 0.544921875
vt 0.1328125 0.544921875
vt 0.009765625 0.625
vt 0 0.625
vt 0 0.6328125
vt 0.009765625 0.6328125
vt 0.376953125 0.9140625
vt 0.3671875 0.9140625
vt 0.3671875 0.90625
vt 0.376953125 0.90625
vn 0 -0.3826834323650897 -0.9238795325112867
vn 1 0 0
vn 0 0.3826834323650897 0.9238795325112867
vn -1 0 0
vn 0 0.9238795325112867 -0.3826834323650897
vn 0 -0.9238795325112867 0.3826834323650897
usemtl m_77ac54df-b84a-5907-566f-a40e0ce18a0b
f 148/436/109 151/435/109 149/434/109 146/433/109
f 147/440/110 148/439/110 146/438/110 145/437/110
f 152/444/111 147/443/111 145/442/111 150/441/111
f 151/448/112 152/447/112 150/446/112 149/445/112
f 150/452/113 145/451/113 146/450/113 149/449/113
f 151/456/114 148/455/114 147/454/114 152/453/114
o cube
v -0.15625 0.13491116411861426 0.46508883601959083
v -0.15625 0.08629757291203899 0.4164752448130157
v -0.15625 0.1216529119713664 0.4783470881668386
v -0.15625 0.07303932076479125 0.4297334969602634
v -0.2265625 0.08629757291203899 0.4164752448130157
v -0.2265625 0.13491116411861426 0.46508883601959083
v -0.2265625 0.07303932076479125 0.4297334969602634
v -0.2265625 0.1216529119713664 0.4783470881668386
vt 0.4375 0.921875
vt 0.447265625 0.921875
vt 0.447265625 0.919921875
vt 0.4375 0.919921875
vt 0.171875 0.546875
vt 0.1796875 0.546875
vt 0.1796875 0.544921875
vt 0.171875 0.544921875
vt 0.0859375 0.5625
vt 0.095703125 0.5625
vt 0.095703125 0.560546875
vt 0.0859375 0.560546875
vt 0.21875 0.546875
vt 0.2265625 0.546875
vt 0.2265625 0.544921875
vt 0.21875 0.544921875
vt 0.134765625 0.625
vt 0.125 0.625
vt 0.125 0.6328125
vt 0.134765625 0.6328125
vt 0.189453125 0.6328125
vt 0.1796875 0.6328125
vt 0.1796875 0.625
vt 0.189453125 0.625
vn 0 -0.7071067811865476 -0.7071067811865475
vn 1 0 0
vn 0 0.7071067811865476 0.7071067811865475
vn -1 0 0
vn 0 0.7071067811865475 -0.7071067811865476
vn 0 -0.7071067811865475 0.7071067811865476
usemtl m_77ac54df-b84a-5907-566f-a40e0ce18a0b
f 156/460/115 159/459/115 157/458/115 154/457/115
f 155/464/116 156/463/116 154/462/116 153/461/116
f 160/468/117 155/467/117 153/466/117 158/465/117
f 159/472/118 160/471/118 158/470/118 157/469/118
f 158/476/119 153/475/119 154/474/119 157/473/119
f 159/480/120 156/479/120 155/478/120 160/477/120
o cube
v -0.15625 0.15915291319703162 0.4783470881387779
v -0.15625 0.15915291319703162 0.45959708813877787
v -0.15625 0.12165291319703164 0.4783470881387779
v -0.15625 0.12165291319703164 0.45959708813877787
v -0.2265625 0.15915291319703162 0.45959708813877787
v -0.2265625 0.15915291319703162 0.4783470881387779
v -0.2265625 0.12165291319703164 0.45959708813877787
v -0.2265625 0.12165291319703164 0.4783470881387779
vt 0.40625 0.59375
vt 0.416015625 0.59375
vt 0.416015625 0.58984375
vt 0.40625 0.58984375
vt 0.4609375 0.96875
vt 0.462890625 0.96875
vt 0.462890625 0.96484375
vt 0.4609375 0.96484375
vt 0 0.5859375
vt 0.009765625 0.5859375
vt 0.009765625 0.58203125
vt 0 0.58203125
vt 0.046875 0.5390625
vt 0.048828125 0.5390625
vt 0.048828125 0.53515625
vt 0.046875 0.53515625
vt 0.447265625 0.904296875
vt 0.4375 0.904296875
vt 0.4375 0.90625
vt 0.447265625 0.90625
vt 0.142578125 0.5625
vt 0.1328125 0.5625
vt 0.1328125 0.560546875
vt 0.142578125 0.560546875
vn 0 0 -1
vn 1 0 0
vn 0 0 1
vn -1 0 0
vn 0 1 0
vn 0 -1 0
usemtl m_77ac54df-b84a-5907-566f-a40e0ce18a0b
f 164/484/121 167/483/121 165/482/121 162/481/121
f 163/488/122 164/487/122 162/486/122 161/485/122
f 168/492/123 163/491/123 161/490/123 166/489/123
f 167/496/124 168/495/124 166/494/124 165/493/124
f 166/500/125 161/499/125 162/498/125 165/497/125
f 167/504/126 164/503/126 163/502/126 168/501/126
o cube
v -0.15625 0.15915291214336036 0.4783470891924493
v -0.15625 0.18124999905544004 0.4562500022803695
v -0.15625 0.1458946599961125 0.46508883704520143
v -0.15625 0.16799174690819219 0.44299175013312175
v -0.2265625 0.18124999905544004 0.4562500022803695
v -0.2265625 0.15915291214336036 0.4783470891924493
v -0.2265625 0.16799174690819219 0.44299175013312175
v -0.2265625 0.1458946599961125 0.46508883704520143
vt 0.171875 0.5625
vt 0.181640625 0.5625
vt 0.181640625 0.560546875
vt 0.171875 0.560546875
vt 0.4609375 0.953125
vt 0.46484375 0.953125
vt 0.46484375 0.951171875
vt 0.4609375 0.951171875
vt 0.4375 0.828125
vt 0.447265625 0.828125
vt 0.447265625 0.826171875
vt 0.4375 0.826171875
vt 0.4609375 0.9375
vt 0.46484375 0.9375
vt 0.46484375 0.935546875
vt 0.4609375 0.935546875
vt 0.033203125 0.58203125
vt 0.0234375 0.58203125
vt 0.0234375 0.5859375
vt 0.033203125 0.5859375
vt 0.056640625 0.5859375
vt 0.046875 0.5859375
vt 0.046875 0.58203125
vt 0.056640625 0.58203125
vn 0 0.7071067811865476 -0.7071067811865475
vn 1 0 0
vn 0 -0.7071067811865476 0.7071067811865475
vn -1 0 0
vn 0 0.7071067811865475 0.7071067811865476
vn 0 -0.7071067811865475 -0.7071067811865476
usemtl m_77ac54df-b84a-5907-566f-a40e0ce18a0b
f 172/508/127 175/507/127 173/506/127 170/505/127
f 171/512/128 172/511/128 170/510/128 169/509/128
f 176/516/129 171/515/129 169/514/129 174/513/129
f 175/520/130 176/519/130 174/518/130 173/517/130
f 174/524/131 169/523/131 170/522/131 173/521/131
f 175/528/132 172/527/132 171/526/132 176/525/132
o cube
v -0.15625 0.18125000000000002 0.45624999999999993
v -0.15625 0.18125000000000002 0.3687499999999999
v -0.15625 0.16249999999999998 0.45624999999999993
v -0.15625 0.16249999999999998 0.3687499999999999
v -0.2265625 0.18125000000000002 0.3687499999999999
v -0.2265625 0.18125000000000002 0.45624999999999993
v -0.2265625 0.16249999999999998 0.3687499999999999
v -0.2265625 0.16249999999999998 0.45624999999999993
vt 0.4375 0.8125
vt 0.447265625 0.8125
vt 0.447265625 0.810546875
vt 0.4375 0.810546875
vt 0.421875 0.890625
vt 0.4375 0.890625
vt 0.4375 0.888671875
vt 0.421875 0.888671875
vt 0.4375 0.796875
vt 0.447265625 0.796875
vt 0.447265625 0.794921875
vt 0.4375 0.794921875
vt 0.421875 0.875
vt 0.4375 0.875
vt 0.4375 0.873046875
vt 0.421875 0.873046875
vt 0.330078125 0.8046875
vt 0.3203125 0.8046875
vt 0.3203125 0.8203125
vt 0.330078125 0.8203125
vt 0.244140625 0.6796875
vt 0.234375 0.6796875
vt 0.234375 0.6640625
vt 0.244140625 0.6640625
vn 0 0 -1
vn 1 0 0
vn 0 0 1
vn -1 0 0
vn 0 1 0
vn 0 -1 0
usemtl m_77ac54df-b84a-5907-566f-a40e0ce18a0b
f 180/532/133 183/531/133 181/530/133 178/529/133
f 179/536/134 180/535/134 178/534/134 177/533/134
f 184/540/135 179/539/135 177/538/135 182/537/135
f 183/544/136 184/543/136 182/542/136 181/541/136
f 182/548/137 177/547/137 178/546/137 181/545/137
f 183/552/138 180/551/138 179/550/138 184/549/138
o cube
v -0.15625 0.125 0.4521542833852772
v -0.15625 0.125 0.4046875
v -0.15625 0.09672983441534977 0.4521542833852772
v -0.15625 0.09672983441534977 0.4046875
v -0.2265625 0.125 0.4046875
v -0.2265625 0.125 0.4521542833852772
v -0.2265625 0.09672983441534977 0.4046875
v -0.2265625 0.09672983441534977 0.4521542833852772
vt 0.4140625 0.921875
vt 0.423828125 0.921875
vt 0.423828125 0.91796875
vt 0.4140625 0.91796875
vt 0.328125 0.578125
vt 0.333984375 0.578125
vt 0.333984375 0.57421875
vt 0.328125 0.57421875
vt 0.4140625 0.90625
vt 0.423828125 0.90625
vt 0.423828125 0.90234375
vt 0.4140625 0.90234375
vt 0.34375 0.578125
vt 0.349609375 0.578125
vt 0.349609375 0.57421875
vt 0.34375 0.57421875
vt 0.150390625 0.603515625
vt 0.140625 0.603515625
vt 0.140625 0.609375
vt 0.150390625 0.609375
vt 0.197265625 0.609375
vt 0.1875 0.609375
vt 0.1875 0.603515625
vt 0.197265625 0.603515625
vn 0 0 -1
vn 1 0 0
vn 0 0 1
vn -1 0 0
vn 0 1 0
vn 0 -1 0
usemtl m_77ac54df-b84a-5907-566f-a40e0ce18a0b
f 188/556/139 191/555/139 189/554/139 186/553/139
f 187/560/140 188/559/140 186/558/140 185/557/140
f 192/564/141 187/563/141 185/562/141 190/561/141
f 191/568/142 192/567/142 190/566/142 189/565/142
f 190/572/143 185/571/143 186/570/143 189/569/143
f 191/576/144 188/575/144 187/574/144 192/573/144
o cube
v -0.15625 0.08749999999999991 0.40996678338527726
v -0.15625 0.08749999999999991 0.36249999999999993
v -0.15625 0.06547983441534977 0.40996678338527726
v -0.15625 0.06547983441534977 0.36249999999999993
v -0.2265625 0.08749999999999991 0.36249999999999993
v -0.2265625 0.08749999999999991 0.40996678338527726
v -0.2265625 0.06547983441534977 0.36249999999999993
v -0.2265625 0.06547983441534977 0.40996678338527726
vt 0.2265625 0.5625
vt 0.236328125 0.5625
vt 0.236328125 0.560546875
vt 0.2265625 0.560546875
vt 0.453125 0.625
vt 0.458984375 0.625
vt 0.458984375 0.623046875
vt 0.453125 0.623046875
vt 0.4375 0.765625
vt 0.447265625 0.765625
vt 0.447265625 0.763671875
vt 0.4375 0.763671875
vt 0.3828125 0.546875
vt 0.388671875 0.546875
vt 0.388671875 0.544921875
vt 0.3828125 0.544921875
vt 0.400390625 0.720703125
vt 0.390625 0.720703125
vt 0.390625 0.7265625
vt 0.400390625 0.7265625
vt 0.400390625 0.7109375
vt 0.390625 0.7109375
vt 0.390625 0.705078125
vt 0.400390625 0.705078125
vn 0 0 -1
vn 1 0 0
vn 0 0 1
vn -1 0 0
vn 0 1 0
vn 0 -1 0
usemtl m_77ac54df-b84a-5907-566f-a40e0ce18a0b
f 196/580/145 199/579/145 197/578/145 194/577/145
f 195/584/146 196/583/146 194/582/146 193/581/146
f 200/588/147 195/587/147 193/586/147 198/585/147
f 199/592/148 200/591/148 198/590/148 197/589/148
f 198/596/149 193/595/149 194/594/149 197/593/149
f 199/600/150 196/599/150 195/598/150 200/597/150
o cube
v -0.15625 0.125 0.4287167833852772
v -0.15625 0.125 0.36249999999999993
v -0.15625 0.08422983441534981 0.4287167833852772
v -0.15625 0.08422983441534981 0.36249999999999993
v -0.2265625 0.125 0.36249999999999993
v -0.2265625 0.125 0.4287167833852772
v -0.2265625 0.08422983441534981 0.36249999999999993
v -0.2265625 0.08422983441534981 0.4287167833852772
vt 0.296875 0.609375
vt 0.306640625 0.609375
vt 0.306640625 0.603515625
vt 0.296875 0.603515625
vt 0.2734375 0.6015625
vt 0.28125 0.6015625
vt 0.28125 0.595703125
vt 0.2734375 0.595703125
vt 0.390625 0.6953125
vt 0.400390625 0.6953125
vt 0.400390625 0.689453125
vt 0.390625 0.689453125
vt 0.3984375 0.6796875
vt 0.40625 0.6796875
vt 0.40625 0.673828125
vt 0.3984375 0.673828125
vt 0.236328125 0.625
vt 0.2265625 0.625
vt 0.2265625 0.6328125
vt 0.236328125 0.6328125
vt 0.259765625 0.6328125
vt 0.25 0.6328125
vt 0.25 0.625
vt 0.259765625 0.625
vn 0 0 -1
vn 1 0 0
vn 0 0 1
vn -1 0 0
vn 0 1 0
vn 0 -1 0
usemtl m_77ac54df-b84a-5907-566f-a40e0ce18a0b
f 204/604/151 207/603/151 205/602/151 202/601/151
f 203/608/152 204/607/152 202/606/152 201/605/152
f 208/612/153 203/611/153 201/610/153 206/609/153
f 207/616/154 208/615/154 206/614/154 205/613/154
f 206/620/155 201/619/155 202/618/155 205/617/155
f 207/624/156 204/623/156 203/622/156 208/621/156
o cube
v -0.15625 0.1625000000000001 0.4599667833852772
v -0.15625 0.1625000000000001 0.36249999999999993
v -0.15625 0.1217298344153499 0.4599667833852772
v -0.15625 0.1217298344153499 0.36249999999999993
v -0.2265625 0.1625000000000001 0.36249999999999993
v -0.2265625 0.1625000000000001 0.4599667833852772
v -0.2265625 0.1217298344153499 0.36249999999999993
v -0.2265625 0.1217298344153499 0.4599667833852772
vt 0.3203125 0.609375
vt 0.330078125 0.609375
vt 0.330078125 0.603515625
vt 0.3203125 0.603515625
vt 0.375 0.7578125
vt 0.38671875 0.7578125
vt 0.38671875 0.751953125
vt 0.375 0.751953125
vt 0.34375 0.609375
vt 0.353515625 0.609375
vt 0.353515625 0.603515625
vt 0.34375 0.603515625
vt 0.375 0.7421875
vt 0.38671875 0.7421875
vt 0.38671875 0.736328125
vt 0.375 0.736328125
vt 0.298828125 0.64453125
vt 0.2890625 0.64453125
vt 0.2890625 0.65625
vt 0.298828125 0.65625
vt 0.353515625 0.6953125
vt 0.34375 0.6953125
vt 0.34375 0.68359375
vt 0.353515625 0.68359375
vn 0 0 -1
vn 1 0 0
vn 0 0 1
vn -1 0 0
vn 0 1 0
vn 0 -1 0
usemtl m_77ac54df-b84a-5907-566f-a40e0ce18a0b
f 212/628/157 215/627/157 213/626/157 210/625/157
f 211/632/158 212/631/158 210/630/158 209/629/158
f 216/636/159 211/635/159 209/634/159 214/633/159
f 215/640/160 216/639/160 214/638/160 213/637/160
f 214/644/161 209/643/161 210/642/161 213/641/161
f 215/648/162 212/647/162 211/646/162 216/645/162
o cube
v 0.234375 0.18125000000000002 0.36875
v 0.234375 0.18125000000000002 -0.34746678338527726
v 0.234375 0.046729834415349836 0.36875
v 0.234375 0.046729834415349836 -0.34746678338527726
v 0.1640625 0.18125000000000002 -0.34746678338527726
v 0.1640625 0.18125000000000002 0.36875
v 0.1640625 0.046729834415349836 -0.34746678338527726
v 0.1640625 0.046729834415349836 0.36875
vt 0.1875 0.6875
vt 0.197265625 0.6875
vt 0.197265625 0.669921875
vt 0.1875 0.669921875
vt 0.09375 0.9375
vt 0.18359375 0.9375
vt 0.18359375 0.919921875
vt 0.09375 0.919921875
vt 0.3125 0.7734375
vt 0.322265625 0.7734375
vt 0.322265625 0.755859375
vt 0.3125 0.755859375
vt 0.09375 0.90625
vt 0.18359375 0.90625
vt 0.18359375 0.888671875
vt 0.09375 0.888671875
vt 0.181640625 0.76171875
vt 0.171875 0.76171875
vt 0.171875 0.8515625
vt 0.181640625 0.8515625
vt 0.205078125 1
vt 0.1953125 1
vt 0.1953125 0.91015625
vt 0.205078125 0.91015625
vn 0 0 -1
vn 1 0 0
vn 0 0 1
vn -1 0 0
vn 0 1 0
vn 0 -1 0
usemtl m_77ac54df-b84a-5907-566f-a40e0ce18a0b
f 220/652/163 223/651/163 221/650/163 218/649/163
f 219/656/164 220/655/164 218/654/164 217/653/164
f 224/660/165 219/659/165 217/658/165 222/657/165
f 223/664/166 224/663/166 222/662/166 221/661/166
f 222/668/167 217/667/167 218/666/167 221/665/167
f 223/672/168 220/671/168 219/670/168 224/669/168
o cube
v 0.234375 0.1625000000000001 -0.34375
v 0.234375 0.1625000000000001 -0.44121678338527726
v 0.234375 0.1217298344153499 -0.34375
v 0.234375 0.1217298344153499 -0.44121678338527726
v 0.1640625 0.1625000000000001 -0.44121678338527726
v 0.1640625 0.1625000000000001 -0.34375
v 0.1640625 0.1217298344153499 -0.44121678338527726
v 0.1640625 0.1217298344153499 -0.34375
vt 0.390625 0.65625
vt 0.400390625 0.65625
vt 0.400390625 0.650390625
vt 0.390625 0.650390625
vt 0.3125 0.625
vt 0.32421875 0.625
vt 0.32421875 0.619140625
vt 0.3125 0.619140625
vt 0.390625 0.640625
vt 0.400390625 0.640625
vt 0.400390625 0.634765625
vt 0.390625 0.634765625
vt 0.375 0.671875
vt 0.38671875 0.671875
vt 0.38671875 0.666015625
vt 0.375 0.666015625
vt 0.361328125 0.94140625
vt 0.3515625 0.94140625
vt 0.3515625 0.953125
vt 0.361328125 0.953125
vt 0.111328125 0.6484375
vt 0.1015625 0.6484375
vt 0.1015625 0.63671875
vt 0.111328125 0.63671875
vn 0 0 -1
vn 1 0 0
vn 0 0 1
vn -1 0 0
vn 0 1 0
vn 0 -1 0
usemtl m_77ac54df-b84a-5907-566f-a40e0ce18a0b
f 228/676/169 231/675/169 229/674/169 226/673/169
f 227/680/170 228/679/170 226/678/170 225/677/170
f 232/684/171 227/683/171 225/682/171 230/681/171
f 231/688/172 232/687/172 230/686/172 229/685/172
f 230/692/173 225/691/173 226/690/173 229/689/173
f 231/696/174 228/695/174 227/694/174 232/693/174
o cube
v 0.234375 0.125 -0.34375
v 0.234375 0.125 -0.40996678338527726
v 0.234375 0.08422983441534981 -0.34375
v 0.234375 0.08422983441534981 -0.40996678338527726
v 0.1640625 0.125 -0.40996678338527726
v 0.1640625 0.125 -0.34375
v 0.1640625 0.08422983441534981 -0.40996678338527726
v 0.1640625 0.08422983441534981 -0.34375
vt 0.390625 0.625
vt 0.400390625 0.625
vt 0.400390625 0.619140625
vt 0.390625 0.619140625
vt 0.3671875 0.6015625
vt 0.375 0.6015625
vt 0.375 0.595703125
vt 0.3671875 0.595703125
vt 0.390625 0.609375
vt 0.400390625 0.609375
vt 0.400390625 0.603515625
vt 0.390625 0.603515625
vt 0.0703125 0.59375
vt 0.078125 0.59375
vt 0.078125 0.587890625
vt 0.0703125 0.587890625
vt 0.283203125 0.625
vt 0.2734375 0.625
vt 0.2734375 0.6328125
vt 0.283203125 0.6328125
vt 0.376953125 0.71875
vt 0.3671875 0.71875
vt 0.3671875 0.7109375
vt 0.376953125 0.7109375
vn 0 0 -1
vn 1 0 0
vn 0 0 1
vn -1 0 0
vn 0 1 0
vn 0 -1 0
usemtl m_77ac54df-b84a-5907-566f-a40e0ce18a0b
f 236/700/175 239/699/175 237/698/175 234/697/175
f 235/704/176 236/703/176 234/702/176 233/701/176
f 240/708/177 235/707/177 233/706/177 238/705/177
f 239/712/178 240/711/178 238/710/178 237/709/178
f 238/716/179 233/715/179 234/714/179 237/713/179
f 239/720/180 236/719/180 235/718/180 240/717/180
o cube
v 0.234375 0.08749999999999991 -0.34375
v 0.234375 0.08749999999999991 -0.3912167833852773
v 0.234375 0.06547983441534977 -0.34375
v 0.234375 0.06547983441534977 -0.3912167833852773
v 0.1640625 0.08749999999999991 -0.3912167833852773
v 0.1640625 0.08749999999999991 -0.34375
v 0.1640625 0.06547983441534977 -0.3912167833852773
v 0.1640625 0.06547983441534977 -0.34375
vt 0.4375 0.75
vt 0.447265625 0.75
vt 0.447265625 0.748046875
vt 0.4375 0.748046875
vt 0.453125 0.609375
vt 0.458984375 0.609375
vt 0.458984375 0.607421875
vt 0.453125 0.607421875
vt 0.4375 0.734375
vt 0.447265625 0.734375
vt 0.447265625 0.732421875
vt 0.4375 0.732421875
vt 0.3984375 0.546875
vt 0.404296875 0.546875
vt 0.404296875 0.544921875
vt 0.3984375 0.544921875
vt 0.009765625 0.595703125
vt 0 0.595703125
vt 0 0.6015625
vt 0.009765625 0.6015625
vt 0.408203125 1
vt 0.3984375 1
vt 0.3984375 0.994140625
vt 0.408203125 0.994140625
vn 0 0 -1
vn 1 0 0
vn 0 0 1
vn -1 0 0
vn 0 1 0
vn 0 -1 0
usemtl m_77ac54df-b84a-5907-566f-a40e0ce18a0b
f 244/724/181 247/723/181 245/722/181 242/721/181
f 243/728/182 244/727/182 242/726/182 241/725/182
f 248/732/183 243/731/183 241/730/183 246/729/183
f 247/736/184 248/735/184 246/734/184 245/733/184
f 246/740/185 241/739/185 242/738/185 245/737/185
f 247/744/186 244/743/186 243/742/186 248/741/186
o cube
v 0.234375 0.125 -0.38593750000000004
v 0.234375 0.125 -0.43340428338527726
v 0.234375 0.09672983441534977 -0.38593750000000004
v 0.234375 0.09672983441534977 -0.43340428338527726
v 0.1640625 0.125 -0.43340428338527726
v 0.1640625 0.125 -0.38593750000000004
v 0.1640625 0.09672983441534977 -0.43340428338527726
v 0.1640625 0.09672983441534977 -0.38593750000000004
vt 0.1171875 0.5859375
vt 0.126953125 0.5859375
vt 0.126953125 0.58203125
vt 0.1171875 0.58203125
vt 0.375 0.578125
vt 0.380859375 0.578125
vt 0.380859375 0.57421875
vt 0.375 0.57421875
vt 0.15625 0.5859375
vt 0.166015625 0.5859375
vt 0.166015625 0.58203125
vt 0.15625 0.58203125
vt 0.390625 0.578125
vt 0.396484375 0.578125
vt 0.396484375 0.57421875
vt 0.390625 0.57421875
vt 0.408203125 0.978515625
vt 0.3984375 0.978515625
vt 0.3984375 0.984375
vt 0.408203125 0.984375
vt 0.033203125 0.6015625
vt 0.0234375 0.6015625
vt 0.0234375 0.595703125
vt 0.033203125 0.595703125
vn 0 0 -1
vn 1 0 0
vn 0 0 1
vn -1 0 0
vn 0 1 0
vn 0 -1 0
usemtl m_77ac54df-b84a-5907-566f-a40e0ce18a0b
f 252/748/187 255/747/187 253/746/187 250/745/187
f 251/752/188 252/751/188 250/750/188 249/749/188
f 256/756/189 251/755/189 249/754/189 254/753/189
f 255/760/190 256/759/190 254/758/190 253/757/190
f 254/764/191 249/763/191 250/762/191 253/761/191
f 255/768/192 252/767/192 251/766/192 256/765/192
o cube
v 0.234375 0.18125000000000002 -0.34375000000000006
v 0.234375 0.18125000000000002 -0.43750000000000006
v 0.234375 0.16249999999999998 -0.34375000000000006
v 0.234375 0.16249999999999998 -0.43750000000000006
v 0.1640625 0.18125000000000002 -0.43750000000000006
v 0.1640625 0.18125000000000002 -0.34375000000000006
v 0.1640625 0.16249999999999998 -0.43750000000000006
v 0.1640625 0.16249999999999998 -0.34375000000000006
vt 0.2734375 0.5625
vt 0.283203125 0.5625
vt 0.283203125 0.560546875
vt 0.2734375 0.560546875
vt 0.421875 0.859375
vt 0.4375 0.859375
vt 0.4375 0.857421875
vt 0.421875 0.857421875
vt 0.4375 0.71875
vt 0.447265625 0.71875
vt 0.447265625 0.716796875
vt 0.4375 0.716796875
vt 0.421875 0.84375
vt 0.4375 0.84375
vt 0.4375 0.841796875
vt 0.421875 0.841796875
vt 0.267578125 0.6640625
vt 0.2578125 0.6640625
vt 0.2578125 0.6796875
vt 0.267578125 0.6796875
vt 0.330078125 0.7109375
vt 0.3203125 0.7109375
vt 0.3203125 0.6953125
vt 0.330078125 0.6953125
vn 0 0 -1
vn 1 0 0
vn 0 0 1
vn -1 0 0
vn 0 1 0
vn 0 -1 0
usemtl m_77ac54df-b84a-5907-566f-a40e0ce18a0b
f 260/772/193 263/771/193 261/770/193 258/769/193
f 259/776/194 260/775/194 258/774/194 257/773/194
f 264/780/195 259/779/195 257/778/195 262/777/195
f 263/784/196 264/783/196 262/782/196 261/781/196
f 262/788/197 257/787/197 258/786/197 261/785/197
f 263/792/198 260/791/198 259/790/198 264/789/198
o cube
v 0.234375 0.18124999905544004 -0.43750000228036956
v 0.234375 0.15915291214336047 -0.4595970891924491
v 0.234375 0.1679917469081923 -0.42424175013312176
v 0.234375 0.14589465999611262 -0.44633883704520133
v 0.1640625 0.15915291214336047 -0.4595970891924491
v 0.1640625 0.18124999905544004 -0.43750000228036956
v 0.1640625 0.14589465999611262 -0.44633883704520133
v 0.1640625 0.1679917469081923 -0.42424175013312176
vt 0.296875 0.5625
vt 0.306640625 0.5625
vt 0.306640625 0.560546875
vt 0.296875 0.560546875
vt 0.4609375 0.921875
vt 0.46484375 0.921875
vt 0.46484375 0.919921875
vt 0.4609375 0.919921875
vt 0.4375 0.703125
vt 0.447265625 0.703125
vt 0.447265625 0.701171875
vt 0.4375 0.701171875
vt 0.4609375 0.90625
vt 0.46484375 0.90625
vt 0.46484375 0.904296875
vt 0.4609375 0.904296875
vt 0.423828125 0.82421875
vt 0.4140625 0.82421875
vt 0.4140625 0.828125
vt 0.423828125 0.828125
vt 0.423828125 0.8125
vt 0.4140625 0.8125
vt 0.4140625 0.80859375
vt 0.423828125 0.80859375
vn 0 -0.7071067811865476 -0.7071067811865475
vn 1 0 0
vn 0 0.7071067811865476 0.7071067811865475
vn -1 0 0
vn 0 0.7071067811865475 -0.7071067811865476
vn 0 -0.7071067811865475 0.7071067811865476
usemtl m_77ac54df-b84a-5907-566f-a40e0ce18a0b
f 268/796/199 271/795/199 269/794/199 266/793/199
f 267/800/200 268/799/200 266/798/200 265/797/200
f 272/804/201 267/803/201 265/802/201 270/801/201
f 271/808/202 272/807/202 270/806/202 269/805/202
f 270/812/203 265/811/203 266/810/203 269/809/203
f 271/816/204 268/815/204 267/814/204 272/813/204
o cube
v 0.234375 0.15915291319703162 -0.440847088138778
v 0.234375 0.15915291319703162 -0.45959708813877803
v 0.234375 0.12165291319703164 -0.440847088138778
v 0.234375 0.12165291319703164 -0.45959708813877803
v 0.1640625 0.15915291319703162 -0.45959708813877803
v 0.1640625 0.15915291319703162 -0.440847088138778
v 0.1640625 0.12165291319703164 -0.45959708813877803
v 0.1640625 0.12165291319703164 -0.440847088138778
vt 0.4140625 0.796875
vt 0.423828125 0.796875
vt 0.423828125 0.79296875
vt 0.4140625 0.79296875
vt 0.109375 0.5390625
vt 0.111328125 0.5390625
vt 0.111328125 0.53515625
vt 0.109375 0.53515625
vt 0.4140625 0.7578125
vt 0.423828125 0.7578125
vt 0.423828125 0.75390625
vt 0.4140625 0.75390625
vt 0.1484375 0.5390625
vt 0.150390625 0.5390625
vt 0.150390625 0.53515625
vt 0.1484375 0.53515625
vt 0.447265625 0.685546875
vt 0.4375 0.685546875
vt 0.4375 0.6875
vt 0.447265625 0.6875
vt 0.330078125 0.5625
vt 0.3203125 0.5625
vt 0.3203125 0.560546875
vt 0.330078125 0.560546875
vn 0 0 -1
vn 1 0 0
vn 0 0 1
vn -1 0 0
vn 0 1 0
vn 0 -1 0
usemtl m_77ac54df-b84a-5907-566f-a40e0ce18a0b
f 276/820/205 279/819/205 277/818/205 274/817/205
f 275/824/206 276/823/206 274/822/206 273/821/206
f 280/828/207 275/827/207 273/826/207 278/825/207
f 279/832/208 280/831/208 278/830/208 277/829/208
f 278/836/209 273/835/209 274/834/209 277/833/209
f 279/840/210 276/839/210 275/838/210 280/837/210
o cube
v 0.234375 0.08629757291203899 -0.39772524481301574
v 0.234375 0.13491116411861426 -0.4463388360195909
v 0.234375 0.07303932076479125 -0.4109834969602635
v 0.234375 0.1216529119713664 -0.4595970881668387
v 0.1640625 0.13491116411861426 -0.4463388360195909
v 0.1640625 0.08629757291203899 -0.39772524481301574
v 0.1640625 0.1216529119713664 -0.4595970881668387
v 0.1640625 0.07303932076479125 -0.4109834969602635
vt 0.34375 0.5625
vt 0.353515625 0.5625
vt 0.353515625 0.560546875
vt 0.34375 0.560546875
vt 0.453125 0.78125
vt 0.4609375 0.78125
vt 0.4609375 0.779296875
vt 0.453125 0.779296875
vt 0.3671875 0.5625
vt 0.376953125 0.5625
vt 0.376953125 0.560546875
vt 0.3671875 0.560546875
vt 0.234375 0.546875
vt 0.2421875 0.546875
vt 0.2421875 0.544921875
vt 0.234375 0.544921875
vt 0.376953125 0.6953125
vt 0.3671875 0.6953125
vt 0.3671875 0.703125
vt 0.376953125 0.703125
vt 0.376953125 0.6875
vt 0.3671875 0.6875
vt 0.3671875 0.6796875
vt 0.376953125 0.6796875
vn 0 0.7071067811865476 -0.7071067811865475
vn 1 0 0
vn 0 -0.7071067811865476 0.7071067811865475
vn -1 0 0
vn 0 0.7071067811865475 0.7071067811865476
vn 0 -0.7071067811865475 -0.7071067811865476
usemtl m_77ac54df-b84a-5907-566f-a40e0ce18a0b
f 284/844/211 287/843/211 285/842/211 282/841/211
f 283/848/212 284/847/212 282/846/212 281/845/212
f 288/852/213 283/851/213 281/850/213 286/849/213
f 287/856/214 288/855/214 286/854/214 285/853/214
f 286/860/215 281/859/215 282/858/215 285/857/215
f 287/864/216 284/863/216 283/862/216 288/861/216
o cube
v 0.234375 0.06405257529795927 -0.34029146401694843
v 0.234375 0.09036206127305924 -0.4038081818770995
v 0.234375 0.04672983406337261 -0.34746677837379386
v 0.234375 0.07303932003847258 -0.4109834962339449
v 0.1640625 0.09036206127305924 -0.4038081818770995
v 0.1640625 0.06405257529795927 -0.34029146401694843
v 0.1640625 0.07303932003847258 -0.4109834962339449
v 0.1640625 0.04672983406337261 -0.34746677837379386
vt 0.390625 0.5625
vt 0.400390625 0.5625
vt 0.400390625 0.560546875
vt 0.390625 0.560546875
vt 0.2734375 0.546875
vt 0.28125 0.546875
vt 0.28125 0.544921875
vt 0.2734375 0.544921875
vt 0.4140625 0.5625
vt 0.423828125 0.5625
vt 0.423828125 0.560546875
vt 0.4140625 0.560546875
vt 0.2890625 0.546875
vt 0.296875 0.546875
vt 0.296875 0.544921875
vt 0.2890625 0.544921875
vt 0.376953125 0.640625
vt 0.3671875 0.640625
vt 0.3671875 0.6484375
vt 0.376953125 0.6484375
vt 0.376953125 0.6328125
vt 0.3671875 0.6328125
vt 0.3671875 0.625
vt 0.376953125 0.625
vn 0 0.3826834323650897 -0.9238795325112867
vn 1 0 0
vn 0 -0.3826834323650897 0.9238795325112867
vn -1 0 0
vn 0 0.9238795325112867 0.3826834323650897
vn 0 -0.9238795325112867 -0.3826834323650897
usemtl m_77ac54df-b84a-5907-566f-a40e0ce18a0b
f 292/868/217 295/867/217 293/866/217 290/865/217
f 291/872/218 292/871/218 290/870/218 289/869/218
f 296/876/219 291/875/219 289/874/219 294/873/219
f 295/880/220 296/879/220 294/878/220 293/877/220
f 294/884/221 289/883/221 290/882/221 293/881/221
f 295/888/222 292/887/222 291/886/222 296/885/222
o cube
v 0.234375 0.1625000000000001 0.4599667833852772
v 0.234375 0.1625000000000001 0.36249999999999993
v 0.234375 0.1217298344153499 0.4599667833852772
v 0.234375 0.1217298344153499 0.36249999999999993
v 0.1640625 0.1625000000000001 0.36249999999999993
v 0.1640625 0.1625000000000001 0.4599667833852772
v 0.1640625 0.1217298344153499 0.36249999999999993
v 0.1640625 0.1217298344153499 0.4599667833852772
vt 0.3984375 0.96875
vt 0.408203125 0.96875
vt 0.408203125 0.962890625
vt 0.3984375 0.962890625
vt 0 0.6171875
vt 0.01171875 0.6171875
vt 0.01171875 0.611328125
vt 0 0.611328125
vt 0.046875 0.6015625
vt 0.056640625 0.6015625
vt 0.056640625 0.595703125
vt 0.046875 0.595703125
vt 0.0234375 0.6171875
vt 0.03515625 0.6171875
vt 0.03515625 0.611328125
vt 0.0234375 0.611328125
vt 0.361328125 0.79296875
vt 0.3515625 0.79296875
vt 0.3515625 0.8046875
vt 0.361328125 0.8046875
vt 0.212890625 0.6484375
vt 0.203125 0.6484375
vt 0.203125 0.63671875
vt 0.212890625 0.63671875
vn 0 0 -1
vn 1 0 0
vn 0 0 1
vn -1 0 0
vn 0 1 0
vn 0 -1 0
usemtl m_77ac54df-b84a-5907-566f-a40e0ce18a0b
f 300/892/223 303/891/223 301/890/223 298/889/223
f 299/896/224 300/895/224 298/894/224 297/893/224
f 304/900/225 299/899/225 297/898/225 302/897/225
f 303/904/226 304/903/226 302/902/226 301/901/226
f 302/908/227 297/907/227 298/906/227 301/905/227
f 303/912/228 300/911/228 299/910/228 304/909/228
o cube
v 0.234375 0.125 0.4287167833852772
v 0.234375 0.125 0.36249999999999993
v 0.234375 0.08422983441534981 0.4287167833852772
v 0.234375 0.08422983441534981 0.36249999999999993
v 0.1640625 0.125 0.36249999999999993
v 0.1640625 0.125 0.4287167833852772
v 0.1640625 0.08422983441534981 0.36249999999999993
v 0.1640625 0.08422983441534981 0.4287167833852772
vt 0.3984375 0.953125
vt 0.408203125 0.953125
vt 0.408203125 0.947265625
vt 0.3984375 0.947265625
vt 0.0859375 0.59375
vt 0.09375 0.59375
vt 0.09375 0.587890625
vt 0.0859375 0.587890625
vt 0.3984375 0.9375
vt 0.408203125 0.9375
vt 0.408203125 0.931640625
vt 0.3984375 0.931640625
vt 0.1015625 0.59375
vt 0.109375 0.59375
vt 0.109375 0.587890625
vt 0.1015625 0.587890625
vt 0.384765625 0.9921875
vt 0.375 0.9921875
vt 0.375 1
vt 0.384765625 1
vt 0.384765625 0.984375
vt 0.375 0.984375
vt 0.375 0.9765625
vt 0.384765625 0.9765625
vn 0 0 -1
vn 1 0 0
vn 0 0 1
vn -1 0 0
vn 0 1 0
vn 0 -1 0
usemtl m_77ac54df-b84a-5907-566f-a40e0ce18a0b
f 308/916/229 311/915/229 309/914/229 306/913/229
f 307/920/230 308/919/230 306/918/230 305/917/230
f 312/924/231 307/923/231 305/922/231 310/921/231
f 311/928/232 312/927/232 310/926/232 309/925/232
f 310/932/233 305/931/233 306/930/233 309/929/233
f 311/936/234 308/935/234 307/934/234 312/933/234
o cube
v 0.234375 0.08749999999999991 0.40996678338527726
v 0.234375 0.08749999999999991 0.36249999999999993
v 0.234375 0.06547983441534977 0.40996678338527726
v 0.234375 0.06547983441534977 0.36249999999999993
v 0.1640625 0.08749999999999991 0.36249999999999993
v 0.1640625 0.08749999999999991 0.40996678338527726
v 0.1640625 0.06547983441534977 0.36249999999999993
v 0.1640625 0.06547983441534977 0.40996678338527726
vt 0.4375 0.5859375
vt 0.447265625 0.5859375
vt 0.447265625 0.583984375
vt 0.4375 0.583984375
vt 0.4140625 0.546875
vt 0.419921875 0.546875
vt 0.419921875 0.544921875
vt 0.4140625 0.544921875
vt 0.4375 0.5703125
vt 0.447265625 0.5703125
vt 0.447265625 0.568359375
vt 0.4375 0.568359375
vt 0 0.5390625
vt 0.005859375 0.5390625
vt 0.005859375 0.537109375
vt 0 0.537109375
vt 0.408203125 0.869140625
vt 0.3984375 0.869140625
vt 0.3984375 0.875
vt 0.408203125 0.875
vt 0.408203125 0.859375
vt 0.3984375 0.859375
vt 0.3984375 0.853515625
vt 0.408203125 0.853515625
vn 0 0 -1
vn 1 0 0
vn 0 0 1
vn -1 0 0
vn 0 1 0
vn 0 -1 0
usemtl m_77ac54df-b84a-5907-566f-a40e0ce18a0b
f 316/940/235 319/939/235 317/938/235 314/937/235
f 315/944/236 316/943/236 314/942/236 313/941/236
f 320/948/237 315/947/237 313/946/237 318/945/237
f 319/952/238 320/951/238 318/950/238 317/949/238
f 318/956/239 313/955/239 314/954/239 317/953/239
f 319/960/240 316/959/240 315/958/240 320/957/240
o cube
v 0.234375 0.125 0.4521542833852772
v 0.234375 0.125 0.4046875
v 0.234375 0.09672983441534977 0.4521542833852772
v 0.234375 0.09672983441534977 0.4046875
v 0.1640625 0.125 0.4046875
v 0.1640625 0.125 0.4521542833852772
v 0.1640625 0.09672983441534977 0.4046875
v 0.1640625 0.09672983441534977 0.4521542833852772
vt 0.2578125 0.5859375
vt 0.267578125 0.5859375
vt 0.267578125 0.58203125
vt 0.2578125 0.58203125
vt 0.40625 0.578125
vt 0.412109375 0.578125
vt 0.412109375 0.57421875
vt 0.40625 0.57421875
vt 0.4140625 0.7421875
vt 0.423828125 0.7421875
vt 0.423828125 0.73828125
vt 0.4140625 0.73828125
vt 0.421875 0.578125
vt 0.427734375 0.578125
vt 0.427734375 0.57421875
vt 0.421875 0.57421875
vt 0.408203125 0.837890625
vt 0.3984375 0.837890625
vt 0.3984375 0.84375
vt 0.408203125 0.84375
vt 0.173828125 0.6015625
vt 0.1640625 0.6015625
vt 0.1640625 0.595703125
vt 0.173828125 0.595703125
vn 0 0 -1
vn 1 0 0
vn 0 0 1
vn -1 0 0
vn 0 1 0
vn 0 -1 0
usemtl m_77ac54df-b84a-5907-566f-a40e0ce18a0b
f 324/964/241 327/963/241 325/962/241 322/961/241
f 323/968/242 324/967/242 322/966/242 321/965/242
f 328/972/243 323/971/243 321/970/243 326/969/243
f 327/976/244 328/975/244 326/974/244 325/973/244
f 326/980/245 321/979/245 322/978/245 325/977/245
f 327/984/246 324/983/246 323/982/246 328/981/246
o cube
v 0.234375 0.18125000000000002 0.45624999999999993
v 0.234375 0.18125000000000002 0.3687499999999999
v 0.234375 0.16249999999999998 0.45624999999999993
v 0.234375 0.16249999999999998 0.3687499999999999
v 0.1640625 0.18125000000000002 0.3687499999999999
v 0.1640625 0.18125000000000002 0.45624999999999993
v 0.1640625 0.16249999999999998 0.3687499999999999
v 0.1640625 0.16249999999999998 0.45624999999999993
vt 0 0.5546875
vt 0.009765625 0.5546875
vt 0.009765625 0.552734375
vt 0 0.552734375
vt 0.1796875 0.578125
vt 0.1953125 0.578125
vt 0.1953125 0.576171875
vt 0.1796875 0.576171875
vt 0.0234375 0.5546875
vt 0.033203125 0.5546875
vt 0.033203125 0.552734375
vt 0.0234375 0.552734375
vt 0.2265625 0.578125
vt 0.2421875 0.578125
vt 0.2421875 0.576171875
vt 0.2265625 0.576171875
vt 0.330078125 0.671875
vt 0.3203125 0.671875
vt 0.3203125 0.6875
vt 0.330078125 0.6875
vt 0.337890625 0.953125
vt 0.328125 0.953125
vt 0.328125 0.9375
vt 0.337890625 0.9375
vn 0 0 -1
vn 1 0 0
vn 0 0 1
vn -1 0 0
vn 0 1 0
vn 0 -1 0
usemtl m_77ac54df-b84a-5907-566f-a40e0ce18a0b
f 332/988/247 335/987/247 333/986/247 330/985/247
f 331/992/248 332/991/248 330/990/248 329/989/248
f 336/996/249 331/995/249 329/994/249 334/993/249
f 335/1000/250 336/999/250 334/998/250 333/997/250
f 334/1004/251 329/1003/251 330/1002/251 333/1001/251
f 335/1008/252 332/1007/252 331/1006/252 336/1005/252
o cube
v 0.234375 0.15915291214336036 0.4783470891924493
v 0.234375 0.18124999905544004 0.4562500022803695
v 0.234375 0.1458946599961125 0.46508883704520143
v 0.234375 0.16799174690819219 0.44299175013312175
v 0.1640625 0.18124999905544004 0.4562500022803695
v 0.1640625 0.15915291214336036 0.4783470891924493
v 0.1640625 0.16799174690819219 0.44299175013312175
v 0.1640625 0.1458946599961125 0.46508883704520143
vt 0.109375 0.5546875
vt 0.119140625 0.5546875
vt 0.119140625 0.552734375
vt 0.109375 0.552734375
vt 0.4609375 0.828125
vt 0.46484375 0.828125
vt 0.46484375 0.826171875
vt 0.4609375 0.826171875
vt 0.4453125 0.890625
vt 0.455078125 0.890625
vt 0.455078125 0.888671875
vt 0.4453125 0.888671875
vt 0.1875 0.5390625
vt 0.19140625 0.5390625
vt 0.19140625 0.537109375
vt 0.1875 0.537109375
vt 0.423828125 0.72265625
vt 0.4140625 0.72265625
vt 0.4140625 0.7265625
vt 0.423828125 0.7265625
vt 0.423828125 0.7109375
vt 0.4140625 0.7109375
vt 0.4140625 0.70703125
vt 0.423828125 0.70703125
vn 0 0.7071067811865476 -0.7071067811865475
vn 1 0 0
vn 0 -0.7071067811865476 0.7071067811865475
vn -1 0 0
vn 0 0.7071067811865475 0.7071067811865476
vn 0 -0.7071067811865475 -0.7071067811865476
usemtl m_77ac54df-b84a-5907-566f-a40e0ce18a0b
f 340/1012/253 343/1011/253 341/1010/253 338/1009/253
f 339/1016/254 340/1015/254 338/1014/254 337/1013/254
f 344/1020/255 339/1019/255 337/1018/255 342/1017/255
f 343/1024/256 344/1023/256 342/1022/256 341/1021/256
f 342/1028/257 337/1027/257 338/1026/257 341/1025/257
f 343/1032/258 340/1031/258 339/1030/258 344/1029/258
o cube
v 0.234375 0.15915291319703162 0.4783470881387779
v 0.234375 0.15915291319703162 0.45959708813877787
v 0.234375 0.12165291319703164 0.4783470881387779
v 0.234375 0.12165291319703164 0.45959708813877787
v 0.1640625 0.15915291319703162 0.45959708813877787
v 0.1640625 0.15915291319703162 0.4783470881387779
v 0.1640625 0.12165291319703164 0.45959708813877787
v 0.1640625 0.12165291319703164 0.4783470881387779
vt 0.4140625 0.6953125
vt 0.423828125 0.6953125
vt 0.423828125 0.69140625
vt 0.4140625 0.69140625
vt 0.4609375 0.8125
vt 0.462890625 0.8125
vt 0.462890625 0.80859375
vt 0.4609375 0.80859375
vt 0.4140625 0.6796875
vt 0.423828125 0.6796875
vt 0.423828125 0.67578125
vt 0.4140625 0.67578125
vt 0.203125 0.5390625
vt 0.205078125 0.5390625
vt 0.205078125 0.53515625
vt 0.203125 0.53515625
vt 0.455078125 0.873046875
vt 0.4453125 0.873046875
vt 0.4453125 0.875
vt 0.455078125 0.875
vt 0.455078125 0.859375
vt 0.4453125 0.859375
vt 0.4453125 0.857421875
vt 0.455078125 0.857421875
vn 0 0 -1
vn 1 0 0
vn 0 0 1
vn -1 0 0
vn 0 1 0
vn 0 -1 0
usemtl m_77ac54df-b84a-5907-566f-a40e0ce18a0b
f 348/1036/259 351/1035/259 349/1034/259 346/1033/259
f 347/1040/260 348/1039/260 346/1038/260 345/1037/260
f 352/1044/261 347/1043/261 345/1042/261 350/1041/261
f 351/1048/262 352/1047/262 350/1046/262 349/1045/262
f 350/1052/263 345/1051/263 346/1050/263 349/1049/263
f 351/1056/264 348/1055/264 347/1054/264 352/1053/264
o cube
v 0.234375 0.13491116411861426 0.46508883601959083
v 0.234375 0.08629757291203899 0.4164752448130157
v 0.234375 0.1216529119713664 0.4783470881668386
v 0.234375 0.07303932076479125 0.4297334969602634
v 0.1640625 0.08629757291203899 0.4164752448130157
v 0.1640625 0.13491116411861426 0.46508883601959083
v 0.1640625 0.07303932076479125 0.4297334969602634
v 0.1640625 0.1216529119713664 0.4783470881668386
vt 0.4453125 0.84375
vt 0.455078125 0.84375
vt 0.455078125 0.841796875
vt 0.4453125 0.841796875
vt 0.3046875 0.546875
vt 0.3125 0.546875
vt 0.3125 0.544921875
vt 0.3046875 0.544921875
vt 0.1953125 0.5546875
vt 0.205078125 0.5546875
vt 0.205078125 0.552734375
vt 0.1953125 0.552734375
vt 0.3203125 0.546875
vt 0.328125 0.546875
vt 0.328125 0.544921875
vt 0.3203125 0.544921875
vt 0.384765625 0.9609375
vt 0.375 0.9609375
vt 0.375 0.96875
vt 0.384765625 0.96875
vt 0.384765625 0.953125
vt 0.375 0.953125
vt 0.375 0.9453125
vt 0.384765625 0.9453125
vn 0 -0.7071067811865476 -0.7071067811865475
vn 1 0 0
vn 0 0.7071067811865476 0.7071067811865475
vn -1 0 0
vn 0 0.7071067811865475 -0.7071067811865476
vn 0 -0.7071067811865475 0.7071067811865476
usemtl m_77ac54df-b84a-5907-566f-a40e0ce18a0b
f 356/1060/265 359/1059/265 357/1058/265 354/1057/265
f 355/1064/266 356/1063/266 354/1062/266 353/1061/266
f 360/1068/267 355/1067/267 353/1066/267 358/1065/267
f 359/1072/268 360/1071/268 358/1070/268 357/1069/268
f 358/1076/269 353/1075/269 354/1074/269 357/1073/269
f 359/1080/270 356/1079/270 355/1078/270 360/1077/270
o cube
v 0.234375 0.09036206127305924 0.42255818187709937
v 0.234375 0.06405257529795927 0.35904146401694836
v 0.234375 0.07303932003847258 0.42973349623394475
v 0.234375 0.04672983406337261 0.36621677837379374
v 0.1640625 0.06405257529795927 0.35904146401694836
v 0.1640625 0.09036206127305924 0.42255818187709937
v 0.1640625 0.04672983406337261 0.36621677837379374
v 0.1640625 0.07303932003847258 0.42973349623394475
vt 0.25 0.5546875
vt 0.259765625 0.5546875
vt 0.259765625 0.552734375
vt 0.25 0.552734375
vt 0.453125 0.671875
vt 0.4609375 0.671875
vt 0.4609375 0.669921875
vt 0.453125 0.669921875
vt 0.4375 0.5546875
vt 0.447265625 0.5546875
vt 0.447265625 0.552734375
vt 0.4375 0.552734375
vt 0.3359375 0.546875
vt 0.34375 0.546875
vt 0.34375 0.544921875
vt 0.3359375 0.544921875
vt 0.087890625 0.6171875
vt 0.078125 0.6171875
vt 0.078125 0.625
vt 0.087890625 0.625
vt 0.111328125 0.625
vt 0.1015625 0.625
vt 0.1015625 0.6171875
vt 0.111328125 0.6171875
vn 0 -0.3826834323650897 -0.9238795325112867
vn 1 0 0
vn 0 0.3826834323650897 0.9238795325112867
vn -1 0 0
vn 0 0.9238795325112867 -0.3826834323650897
vn 0 -0.9238795325112867 0.3826834323650897
usemtl m_77ac54df-b84a-5907-566f-a40e0ce18a0b
f 364/1084/271 367/1083/271 365/1082/271 362/1081/271
f 363/1088/272 364/1087/272 362/1086/272 361/1085/272
f 368/1092/273 363/1091/273 361/1090/273 366/1089/273
f 367/1096/274 368/1095/274 366/1094/274 365/1093/274
f 366/1100/275 361/1099/275 362/1098/275 365/1097/275
f 367/1104/276 364/1103/276 363/1102/276 368/1101/276
o cube
v 0.23750000000000004 0.18085182000976008 0.47973349674692745
v 0.23750000000000004 0.18085182000976008 -0.45776650325307267
v 0.23750000000000004 0.04803932000976008 0.47973349674692745
v 0.23750000000000004 0.04803932000976008 -0.45776650325307267
v 0.23125000000000007 0.18085182000976008 -0.45776650325307267
v 0.23125000000000007 0.18085182000976008 0.47973349674692745
v 0.23125000000000007 0.04803932000976008 -0.45776650325307267
v 0.23125000000000007 0.04803932000976008 0.47973349674692745
vt 0.453125 0.8046875
vt 0.5703125 0.8046875
vt 0.5703125 0.787109375
vt 0.453125 0.787109375
vn 1 0 0
usemtl m_77ac54df-b84a-5907-566f-a40e0ce18a0b
f 371/1108/277 372/1107/277 370/1106/277 369/1105/277
o cube
v -0.2250000000000001 0.18085182000976008 0.47973349674692745
v -0.2250000000000001 0.18085182000976008 -0.45776650325307267
v -0.2250000000000001 0.04803932000976008 0.47973349674692745
v -0.2250000000000001 0.04803932000976008 -0.45776650325307267
v -0.23125000000000007 0.18085182000976008 -0.45776650325307267
v -0.23125000000000007 0.18085182000976008 0.47973349674692745
v -0.23125000000000007 0.04803932000976008 -0.45776650325307267
v -0.23125000000000007 0.04803932000976008 0.47973349674692745
vt 0.453125 0.7734375
vt 0.5703125 0.7734375
vt 0.5703125 0.755859375
vt 0.453125 0.755859375
vn -1 0 0
usemtl m_77ac54df-b84a-5907-566f-a40e0ce18a0b
f 383/1112/278 384/1111/278 382/1110/278 381/1109/278
o cube
v 0.6328125 0.6187499999999999 0.5625
v 0.6328125 0.6187499999999999 0.5
v 0.6328125 -0.2 0.5625
v 0.6328125 -0.2 0.5
v -0.625 0.6187499999999999 0.5
v -0.625 0.6187499999999999 0.5625
v -0.625 -0.2 0.5
v -0.625 -0.2 0.5625
vt 0 1
vt 0.125 1
vt 0.125 0.875
vt 0 0.875
vt 0 1
vt 0.0078125 1
vt 0.0078125 0.9453125
vt 0 0.9453125
vt 0 1
vt 0.125 1
vt 0.125 0.9453125
vt 0 0.9453125
vt 0 1
vt 0.0078125 1
vt 0.0078125 0.9453125
vt 0 0.9453125
vt 0 1
vt 0.125 1
vt 0.125 0.9921875
vt 0 0.9921875
vt 0 1
vt 0.125 1
vt 0.125 0.9921875
vt 0 0.9921875
vn 0 0 -1
vn 1 0 0
vn 0 0 1
vn -1 0 0
vn 0 1 0
vn 0 -1 0
usemtl none
f 388/1116/279 391/1115/279 389/1114/279 386/1113/279
f 387/1120/280 388/1119/280 386/1118/280 385/1117/280
f 392/1124/281 387/1123/281 385/1122/281 390/1121/281
f 391/1128/282 392/1127/282 390/1126/282 389/1125/282
f 390/1132/283 385/1131/283 386/1130/283 389/1129/283
f 391/1136/284 388/1135/284 387/1134/284 392/1133/284
o cube
v 0.765625 0.40625 0.5375000000000005
v 0.765625 0.40625 -0.9750000000000001
v 0.765625 0 0.5375000000000005
v 0.765625 0 -0.9750000000000001
v 0.609375 0.40625 -0.9750000000000001
v 0.609375 0.40625 0.5375000000000005
v 0.609375 0 -0.9750000000000001
v 0.609375 0 0.5375000000000005
vt 0 1
vt 0.015625 1
vt 0.015625 0.9375
vt 0 0.9375
vt 0 1
vt 0.125 1
vt 0.125 0.9375
vt 0 0.9375
vt 0 1
vt 0.015625 1
vt 0.015625 0.9375
vt 0 0.9375
vt 0 1
vt 0.125 1
vt 0.125 0.875
vt 0 0.875
vt 0 1
vt 0.015625 1
vt 0.015625 0.875
vt 0 0.875
vt 0 1
vt 0.015625 1
vt 0.015625 0.875
vt 0 0.875
vn 0 0 -1
vn 1 0 0
vn 0 0 1
vn -1 0 0
vn 0 1 0
vn 0 -1 0
usemtl none
f 396/1140/285 399/1139/285 397/1138/285 394/1137/285
f 395/1144/286 396/1143/286 394/1142/286 393/1141/286
f 400/1148/287 395/1147/287 393/1146/287 398/1145/287
f 399/1152/288 400/1151/288 398/1150/288 397/1149/288
f 398/1156/289 393/1155/289 394/1154/289 397/1153/289
f 399/1160/290 396/1159/290 395/1158/290 400/1157/290
o cuboid
v -0.03125000000000003 0.35624999999999996 -0.04999999999999999
v -0.03125000000000003 0.35624999999999996 -0.062499999999999944
v -0.03125000000000003 0.23750000000000002 -0.18750000000000006
v -0.03125000000000003 0.23750000000000002 -0.2
v -0.19531250000000003 0.35624999999999996 0
v -0.19531250000000003 0.35624999999999996 -0.012499999999999942
v -0.19531250000000003 0.23750000000000002 -0.1375
v -0.19531250000000003 0.23750000000000002 -0.14999999999999997
vt 0.0859375 0.7019424640503606
vt 0.078125 0.703125
vt 0.078125 0.6804149346035178
vt 0.0859375 0.6792323986538784
vt 0.29099404777657856 0.9375
vt 0.3137041131730608 0.9375
vt 0.31252157722342144 0.9453125
vt 0.2898115118269392 0.9453125
vt 0.313271471689461 0.9609375
vt 0.3347105218907912 0.9609375
vt 0.335166028310539 0.96875
vt 0.3137269781092088 0.96875
vt 0.2890625 0.6640625
vt 0.296875 0.6645180064197478
vt 0.296875 0.685957056621078
vt 0.2890625 0.6855015502013302
vt 0.2421875 0.923828125
vt 0.2421875 0.9465378584777162
vt 0.21875 0.9512684204788735
vt 0.21875 0.9285586870011573
vt 0.248046875 0.9609375
vt 0.2433163129988427 0.984375
vt 0.22060657952112647 0.984375
vt 0.22533714152228373 0.9609375
vn 1 0 0
vn -1 0 0
vn 0 1 0
vn 0 -1 0
vn 0.1953601937466132 -0.7422402097938764 0.6410256357310746
vn -0.1953601937466132 0.7422402097938763 -0.6410256357310746
usemtl m_77ac54df-b84a-5907-566f-a40e0ce18a0b
f 402/1161/291 401/1162/291 403/1163/291 404/1164/291
f 407/1165/292 405/1166/292 406/1167/292 408/1168/292
f 405/1169/293 401/1170/293 402/1171/293 406/1172/293
f 404/1173/294 403/1174/294 407/1175/294 408/1176/294
f 403/1177/295 401/1178/295 405/1179/295 407/1180/295
f 406/1181/296 402/1182/296 404/1183/296 408/1184/296
o cuboid
v -0.031250000000000035 0.24374999999999997 0.3062499999999999
v -0.031250000000000035 0.24374999999999997 -0.18750000000000006
v -0.031250000000000035 0.23124999999999998 0.3062499999999999
v -0.031250000000000035 0.23124999999999998 -0.18750000000000006
v -0.1953125 0.24374999999999997 0.3062499999999999
v -0.1953125 0.24374999999999997 -0.1375
v -0.1953125 0.23124999999999998 0.3062499999999999
v -0.1953125 0.23124999999999998 -0.1375
vt 0.28125 0.9140625
vt 0.21875 0.9140625
vt 0.21875 0.90625
vt 0.28125 0.90625
vt 0.3046875 0.921875
vt 0.3046875 0.9296875
vt 0.25 0.9296875
vt 0.25 0.921875
vt 0 0.7890625
vt 0.0234375 0.7890625
vt 0.0234375 0.8515625
vt 0 0.8453125
vt 0.0859375 0.7890625
vt 0.0859375 0.85078125
vt 0.0625 0.85078125
vt 0.0625 0.7953125
vt 0.3125 0.90625
vt 0.3125 0.9140625
vt 0.2890625 0.9140625
vt 0.2890625 0.90625
vt 0.3125 0.8984375
vt 0.2890625 0.8984375
vt 0.2890625 0.890625
vt 0.3125 0.890625
vn 1 0 0
vn -1 0 0
vn 0 1 0
vn 0 -1 0
vn 0 0 1
vn -0.2915241086385545 0 -0.9565634814702559
usemtl m_77ac54df-b84a-5907-566f-a40e0ce18a0b
f 410/1185/297 409/1186/297 411/1187/297 412/1188/297
f 415/1189/298 413/1190/298 414/1191/298 416/1192/298
f 413/1193/299 409/1194/299 410/1195/299 414/1196/299
f 412/1197/300 411/1198/300 415/1199/300 416/1200/300
f 411/1201/301 409/1202/301 413/1203/301 415/1204/301
f 414/1205/302 410/1206/302 412/1207/302 416/1208/302
o cuboid
v 0.03125000000000003 0.35624999999999996 -0.04999999999999999
v 0.03125000000000003 0.35624999999999996 -0.062499999999999944
v 0.03125000000000003 0.23750000000000002 -0.18750000000000006
v 0.03125000000000003 0.23750000000000002 -0.2
v 0.19531250000000003 0.35624999999999996 0
v 0.19531250000000003 0.35624999999999996 -0.012499999999999942
v 0.19531250000000003 0.23750000000000002 -0.1375
v 0.19531250000000003 0.23750000000000002 -0.14999999999999997
vt 0.27536904777657856 0.765625
vt 0.2980791131730608 0.765625
vt 0.29689657722342144 0.7734375
vt 0.2741865118269392 0.7734375
vt 0.1015625 0.7019424640503606
vt 0.09375 0.703125
vt 0.09375 0.6804149346035178
vt 0.1015625 0.6792323986538784
vt 0.3125 0.6875
vt 0.3046875 0.6870444935802522
vt 0.3046875 0.665605443378922
vt 0.3125 0.6660609497986698
vt 0.335166028310539 0.9296875
vt 0.3137269781092088 0.9296875
vt 0.313271471689461 0.921875
vt 0.3347105218907912 0.921875
vt 0.24619029547887353 0.859375
vt 0.24145973347771627 0.8828125
vt 0.21875 0.8828125
vt 0.2234805620011573 0.859375
vt 0.1171875 0.7538097045211265
vt 0.1171875 0.7765194379988427
vt 0.09375 0.78125
vt 0.09375 0.7585402665222838
vn -1 0 0
vn 1 0 0
vn 0 1 0
vn 0 -1 0
vn -0.19536019374661318 -0.7422402097938764 0.6410256357310746
vn 0.1953601937466132 0.7422402097938764 -0.6410256357310746
usemtl m_77ac54df-b84a-5907-566f-a40e0ce18a0b
f 419/1209/303 417/1210/303 418/1211/303 420/1212/303
f 422/1213/304 421/1214/304 423/1215/304 424/1216/304
f 418/1217/305 417/1218/305 421/1219/305 422/1220/305
f 423/1221/306 419/1222/306 420/1223/306 424/1224/306
f 421/1225/307 417/1226/307 419/1227/307 423/1228/307
f 420/1229/308 418/1230/308 422/1231/308 424/1232/308
o cuboid
v 0.031250000000000035 0.24374999999999997 0.3062499999999999
v 0.031250000000000035 0.24374999999999997 -0.18750000000000006
v 0.031250000000000035 0.23124999999999998 0.3062499999999999
v 0.031250000000000035 0.23124999999999998 -0.18750000000000006
v 0.1953125 0.24374999999999997 0.3062499999999999
v 0.1953125 0.24374999999999997 -0.1375
v 0.1953125 0.23124999999999998 0.3062499999999999
v 0.1953125 0.23124999999999998 -0.1375
vt 0.2578125 0.75
vt 0.2578125 0.7578125
vt 0.1953125 0.7578125
vt 0.1953125 0.75
vt 0.09375 0.7421875
vt 0.0390625 0.7421875
vt 0.0390625 0.734375
vt 0.09375 0.734375
vt 0.03125 0.8515625
vt 0.03125 0.7890625
vt 0.0546875 0.7890625
vt 0.0546875 0.8453125
vt 0.1171875 0.85078125
vt 0.09375 0.85078125
vt 0.09375 0.7890625
vt 0.1171875 0.7953125
vt 0.3125 0.703125
vt 0.2890625 0.703125
vt 0.2890625 0.6953125
vt 0.3125 0.6953125
vt 0.328125 0.875
vt 0.328125 0.8828125
vt 0.3046875 0.8828125
vt 0.3046875 0.875
vn -1 0 0
vn 1 0 0
vn 0 1 0
vn 0 -1 0
vn 0 0 1
vn 0.2915241086385545 0 -0.9565634814702559
usemtl m_77ac54df-b84a-5907-566f-a40e0ce18a0b
f 427/1233/309 425/1234/309 426/1235/309 428/1236/309
f 430/1237/310 429/1238/310 431/1239/310 432/1240/310
f 426/1241/311 425/1242/311 429/1243/311 430/1244/311
f 431/1245/312 427/1246/312 428/1247/312 432/1248/312
f 429/1249/313 425/1250/313 427/1251/313 431/1252/313
f 428/1253/314 426/1254/314 430/1255/314 432/1256/314
o cube
v 0.03125 0.24375000000000013 0.3062499999999997
v 0.03125 0.24375000000000013 -0.1937500000000003
v 0.03125 0.23125000000000018 0.3062499999999997
v 0.03125 0.23125000000000018 -0.1937500000000003
v -0.03125 0.24375000000000013 -0.1937500000000003
v -0.03125 0.24375000000000013 0.3062499999999997
v -0.03125 0.23125000000000018 -0.1937500000000003
v -0.03125 0.23125000000000018 0.3062499999999997
vt 0.453125 0.65625
vt 0.4609375 0.65625
vt 0.4609375 0.654296875
vt 0.453125 0.654296875
vt 0.3359375 0.890625
vt 0.3984375 0.890625
vt 0.3984375 0.888671875
vt 0.3359375 0.888671875
vt 0.3515625 0.546875
vt 0.359375 0.546875
vt 0.359375 0.544921875
vt 0.3515625 0.544921875
vt 0.3359375 0.7734375
vt 0.3984375 0.7734375
vt 0.3984375 0.771484375
vt 0.3359375 0.771484375
vt 0.1328125 0.6875
vt 0.125 0.6875
vt 0.125 0.75
vt 0.1328125 0.75
vt 0.1484375 0.75
vt 0.140625 0.75
vt 0.140625 0.6875
vt 0.1484375 0.6875
vn 0 0 -1
vn 1 0 0
vn 0 0 1
vn -1 0 0
vn 0 1 0
vn 0 -1 0
usemtl m_77ac54df-b84a-5907-566f-a40e0ce18a0b
f 436/1260/315 439/1259/315 437/1258/315 434/1257/315
f 435/1264/316 436/1263/316 434/1262/316 433/1261/316
f 440/1268/317 435/1267/317 433/1266/317 438/1265/317
f 439/1272/318 440/1271/318 438/1270/318 437/1269/318
f 438/1276/319 433/1275/319 434/1274/319 437/1273/319
f 439/1280/320 436/1279/320 435/1278/320 440/1277/320
o cuboid
v 0.18750000000000003 0.35625 -0.006250000000000023
v 0.18750000000000003 0.35625 -0.00625
v 0.18750000000000003 0.23750000000000002 -0.0031250000000002005
v 0.18750000000000003 0.23750000000000002 -0.14375
v 0.1953125 0.35625 -0.006250000000000023
v 0.1953125 0.35625 0
v 0.1953125 0.23750000000000002 -0.0031250000000002005
v 0.1953125 0.23750000000000002 -0.14375
vt 0.22656554172443788 0.7039011110869154
vt 0.22656554172443788 0.71875
vt 0.22851258327556212 0.71875
vt 0.21094054172443788 0.7043635332329976
vt 0.2868091127477913 0.7853855882165726
vt 0.29680691668565096 0.7963643594762921
vt 0.2962156487108313 0.796875
vt 0.27350558331434904 0.796875
vt 0.046875 0.609375
vt 0.046875 0.609375
vt 0.0546875 0.61640625
vt 0.0546875 0.6171875
vt 0.1171875 0.671875
vt 0.109375 0.671875
vt 0.109375 0.65625
vt 0.1171875 0.65625
vt 0.09375 0.6640625
vt 0.0859375 0.6640625
vt 0.0859375 0.6484375
vt 0.09375 0.6484375
vt 0.1171875 0.6796875
vt 0.1171875 0.7025336630760439
vt 0.109375 0.703125
vt 0.10961209294862141 0.6796875
vn -1 0 0
vn -1 0 0
vn 0 -1 0
vn 0 -1 0
vn 0 0.026306682088231323 0.9996539193528472
vn 0.46337156547143343 0.6706693710770739 -0.5792144568392913
usemtl m_77ac54df-b84a-5907-566f-a40e0ce18a0b
f 443/1281/321 442/1282/321 441/1283/321 444/1284/321
f 447/1285/322 446/1286/322 445/1287/322 448/1288/322
f 442/1289/323 441/1290/323 445/1291/323 446/1292/323
f 447/1293/324 443/1294/324 444/1295/324 448/1296/324
f 445/1297/325 441/1298/325 443/1299/325 447/1300/325
f 444/1301/326 442/1302/326 446/1303/326 448/1304/326
o cylinder
v -3.469446951953614e-18 0.3125 0.0625
v -3.469446951953614e-18 0.31250000000000006 -0.1875
v 0.008373412263472579 0.34375 0.0625
v 0.008373412263472579 0.34375000000000006 -0.1875
v 0.02287658773652741 0.3353765877365274 0.0625
v 0.02287658773652741 0.33537658773652745 -0.1875
v 0.031249999999999997 0.3208734122634726 0.0625
v 0.031249999999999997 0.32087341226347266 -0.1875
v 0.031249999999999997 0.3041265877365274 0.0625
v 0.031249999999999997 0.30412658773652745 -0.1875
v 0.022876587736527416 0.2896234122634726 0.06249999999999999
v 0.022876587736527416 0.28962341226347266 -0.1875
v 0.00837341226347259 0.28125 0.06249999999999999
v 0.00837341226347259 0.28125000000000006 -0.1875
v -0.008373412263472574 0.28125 0.06249999999999999
v -0.008373412263472574 0.28125000000000006 -0.1875
v -0.022876587736527416 0.2896234122634726 0.06249999999999999
v -0.022876587736527416 0.28962341226347266 -0.1875
v -0.031249999999999997 0.3041265877365274 0.0625
v -0.031249999999999997 0.30412658773652745 -0.1875
v -0.03125 0.32087341226347255 0.0625
v -0.03125 0.3208734122634726 -0.1875
v -0.022876587736527423 0.3353765877365274 0.0625
v -0.022876587736527423 0.33537658773652745 -0.1875
v -0.008373412263472584 0.34375 0.0625
v -0.008373412263472584 0.34375000000000006 -0.1875
vt 0.069265625 0.616140625
vt 0.067453125 0.6171875
vt 0.06640625 0.61328125
vt 0.036203125 0.671875
vt 0.038296875 0.671875
vt 0.038296875 0.703125
vt 0.036203125 0.703125
vt 0.387765625 0.9296875
vt 0.389578125 0.930734375
vt 0.38671875 0.93359375
vt 0.0703125 0.614328125
vt 0.069265625 0.616140625
vt 0.06640625 0.61328125
vt 0.297640625 0.953125
vt 0.299734375 0.953125
vt 0.299734375 0.984375
vt 0.297640625 0.984375
vt 0.389578125 0.930734375
vt 0.390625 0.932546875
vt 0.38671875 0.93359375
vt 0.0703125 0.612234375
vt 0.0703125 0.614328125
vt 0.06640625 0.61328125
vt 0.299734375 0.953125
vt 0.301828125 0.953125
vt 0.301828125 0.984375
vt 0.299734375 0.984375
vt 0.390625 0.932546875
vt 0.390625 0.934640625
vt 0.38671875 0.93359375
vt 0.069265625 0.610421875
vt 0.0703125 0.612234375
vt 0.06640625 0.61328125
vt 0.301828125 0.953125
vt 0.303921875 0.953125
vt 0.303921875 0.984375
vt 0.301828125 0.984375
vt 0.390625 0.934640625
vt 0.389578125 0.936453125
vt 0.38671875 0.93359375
vt 0.067453125 0.609375
vt 0.069265625 0.610421875
vt 0.06640625 0.61328125
vt 0.063265625 0.671875
vt 0.065359375 0.671875
vt 0.065359375 0.703125
vt 0.063265625 0.703125
vt 0.389578125 0.936453125
vt 0.387765625 0.9375
vt 0.38671875 0.93359375
vt 0.065359375 0.609375
vt 0.067453125 0.609375
vt 0.06640625 0.61328125
vt 0.065359375 0.671875
vt 0.067453125 0.671875
vt 0.067453125 0.703125
vt 0.065359375 0.703125
vt 0.387765625 0.9375
vt 0.385671875 0.9375
vt 0.38671875 0.93359375
vt 0.063546875 0.610421875
vt 0.065359375 0.609375
vt 0.06640625 0.61328125
vt 0.067453125 0.671875
vt 0.069546875 0.671875
vt 0.069546875 0.703125
vt 0.067453125 0.703125
vt 0.385671875 0.9375
vt 0.383859375 0.936453125
vt 0.38671875 0.93359375
vt 0.0625 0.612234375
vt 0.063546875 0.610421875
vt 0.06640625 0.61328125
vt 0.047640625 0.671875
vt 0.049734375 0.671875
vt 0.049734375 0.703125
vt 0.047640625 0.703125
vt 0.383859375 0.936453125
vt 0.3828125 0.934640625
vt 0.38671875 0.93359375
vt 0.0625 0.614328125
vt 0.0625 0.612234375
vt 0.06640625 0.61328125
vt 0.049734375 0.671875
vt 0.051828125 0.671875
vt 0.051828125 0.703125
vt 0.049734375 0.703125
vt 0.3828125 0.934640625
vt 0.3828125 0.932546875
vt 0.38671875 0.93359375
vt 0.063546875 0.616140625
vt 0.0625 0.614328125
vt 0.06640625 0.61328125
vt 0.051828125 0.671875
vt 0.053921875 0.671875
vt 0.053921875 0.703125
vt 0.051828125 0.703125
vt 0.3828125 0.932546875
vt 0.383859375 0.930734375
vt 0.38671875 0.93359375
vt 0.065359375 0.6171875
vt 0.063546875 0.616140625
vt 0.06640625 0.61328125
vt 0.032015625 0.671875
vt 0.034109375 0.671875
vt 0.034109375 0.703125
vt 0.032015625 0.703125
vt 0.383859375 0.930734375
vt 0.385671875 0.9296875
vt 0.38671875 0.93359375
vt 0.067453125 0.6171875
vt 0.065359375 0.6171875
vt 0.06640625 0.61328125
vt 0.034109375 0.671875
vt 0.036203125 0.671875
vt 0.036203125 0.703125
vt 0.034109375 0.703125
vt 0.385671875 0.9296875
vt 0.387765625 0.9296875
vt 0.38671875 0.93359375
vn 0 -2.220446049250313e-16 1
vn 0.4999999999999999 0.8660254037844388 1.9229626863835643e-16
vn 0 2.220446049250313e-16 -1
vn 0 -2.220446049250313e-16 1
vn 0.8660254037844387 0.5 1.1102230246251565e-16
vn 0 2.220446049250313e-16 -1
vn 0 -2.220446049250313e-16 1
vn 1 0 0
vn 0 2.220446049250313e-16 -1
vn 0 -2.220446049250313e-16 1
vn 0.8660254037844388 -0.5 -1.1102230246251565e-16
vn 0 2.220446049250313e-16 -1
vn 0 -2.220446049250313e-16 1
vn 0.5 -0.8660254037844388 -1.9229626863835643e-16
vn 0 2.220446049250313e-16 -1
vn 0 -2.220446049250313e-16 1
vn 2.0717043678169394e-16 -1 -2.220446049250313e-16
vn 0 2.220446049250313e-16 -1
vn 0 -2.220446049250313e-16 1
vn -0.4999999999999995 -0.8660254037844392 -1.922962686383565e-16
vn 0 2.220446049250313e-16 -1
vn 0 -2.220446049250313e-16 1
vn -0.8660254037844389 -0.4999999999999996 -1.1102230246251557e-16
vn 0 2.220446049250313e-16 -1
vn 0 -2.220446049250313e-16 1
vn -1 -2.0717043678169412e-16 -4.6001077787337445e-32
vn 0 2.220446049250313e-16 -1
vn 0 -2.220446049250313e-16 1
vn -0.866025403784439 0.4999999999999994 1.1102230246251552e-16
vn 0 2.220446049250313e-16 -1
vn 0 -2.220446049250313e-16 1
vn -0.4999999999999999 0.8660254037844386 1.9229626863835638e-16
vn 0 2.220446049250313e-16 -1
vn 0 -2.220446049250313e-16 1
vn 0 1 2.220446049250313e-16
vn 0 2.220446049250313e-16 -1
usemtl m_77ac54df-b84a-5907-566f-a40e0ce18a0b
f 453/1305/327 451/1306/327 449/1307/327
f 451/1308/328 453/1309/328 454/1310/328 452/1311/328
f 452/1312/329 454/1313/329 450/1314/329
f 455/1315/330 453/1316/330 449/1317/330
f 453/1318/331 455/1319/331 456/1320/331 454/1321/331
f 454/1322/332 456/1323/332 450/1324/332
f 457/1325/333 455/1326/333 449/1327/333
f 455/1328/334 457/1329/334 458/1330/334 456/1331/334
f 456/1332/335 458/1333/335 450/1334/335
f 459/1335/336 457/1336/336 449/1337/336
f 457/1338/337 459/1339/337 460/1340/337 458/1341/337
f 458/1342/338 460/1343/338 450/1344/338
f 461/1345/339 459/1346/339 449/1347/339
f 459/1348/340 461/1349/340 462/1350/340 460/1351/340
f 460/1352/341 462/1353/341 450/1354/341
f 463/1355/342 461/1356/342 449/1357/342
f 461/1358/343 463/1359/343 464/1360/343 462/1361/343
f 462/1362/344 464/1363/344 450/1364/344
f 465/1365/345 463/1366/345 449/1367/345
f 463/1368/346 465/1369/346 466/1370/346 464/1371/346
f 464/1372/347 466/1373/347 450/1374/347
f 467/1375/348 465/1376/348 449/1377/348
f 465/1378/349 467/1379/349 468/1380/349 466/1381/349
f 466/1382/350 468/1383/350 450/1384/350
f 469/1385/351 467/1386/351 449/1387/351
f 467/1388/352 469/1389/352 470/1390/352 468/1391/352
f 468/1392/353 470/1393/353 450/1394/353
f 471/1395/354 469/1396/354 449/1397/354
f 469/1398/355 471/1399/355 472/1400/355 470/1401/355
f 470/1402/356 472/1403/356 450/1404/356
f 473/1405/357 471/1406/357 449/1407/357
f 471/1408/358 473/1409/358 474/1410/358 472/1411/358
f 472/1412/359 474/1413/359 450/1414/359
f 451/1415/360 473/1416/360 449/1417/360
f 473/1418/361 451/1419/361 452/1420/361 474/1421/361
f 474/1422/362 452/1423/362 450/1424/362
o cylinder
v -3.122502256758253e-18 0.3125 -0.18749999999999994
v -3.122502256758253e-18 0.31250000000000006 -0.2624999999999999
v 0.006698729810778063 0.3375 -0.18749999999999994
v 0.006698729810778063 0.3375 -0.2624999999999999
v 0.01830127018922193 0.33080127018922195 -0.18749999999999994
v 0.01830127018922193 0.33080127018922195 -0.2624999999999999
v 0.025 0.31919872981077807 -0.18749999999999994
v 0.025 0.3191987298107781 -0.2624999999999999
v 0.025 0.30580127018922193 -0.18749999999999994
v 0.025 0.305801270189222 -0.2624999999999999
v 0.01830127018922193 0.2941987298107781 -0.18749999999999994
v 0.01830127018922193 0.2941987298107781 -0.2624999999999999
v 0.006698729810778072 0.28750000000000003 -0.18749999999999994
v 0.006698729810778072 0.28750000000000003 -0.2624999999999999
v -0.00669872981077806 0.28750000000000003 -0.18749999999999994
v -0.00669872981077806 0.28750000000000003 -0.2624999999999999
v -0.01830127018922193 0.2941987298107781 -0.18749999999999994
v -0.01830127018922193 0.2941987298107781 -0.2624999999999999
v -0.024999999999999994 0.30580127018922193 -0.18749999999999994
v -0.024999999999999994 0.305801270189222 -0.2624999999999999
v -0.025 0.31919872981077807 -0.18749999999999994
v -0.025 0.31919872981077807 -0.2624999999999999
v -0.018301270189221938 0.33080127018922195 -0.18749999999999994
v -0.018301270189221938 0.33080127018922195 -0.2624999999999999
v -0.0066987298107780684 0.3375 -0.18749999999999994
v -0.0066987298107780684 0.3375 -0.2624999999999999
vt 0.41244375 0.888225
vt 0.41099375 0.8890625
vt 0.41015625 0.8859375
vt 0.2303296875 0.5921875
vt 0.2320046875 0.5921875
vt 0.2320046875 0.6015625
vt 0.2303296875 0.6015625
vt 0.14536875 0.5875
vt 0.14681875 0.5883375
vt 0.14453125 0.590625
vt 0.41328125 0.886775
vt 0.41244375 0.888225
vt 0.41015625 0.8859375
vt 0.3988546875 0.803125
vt 0.4005296875 0.803125
vt 0.4005296875 0.8125
vt 0.3988546875 0.8125
vt 0.14681875 0.5883375
vt 0.14765625 0.5897875
vt 0.14453125 0.590625
vt 0.41328125 0.8851
vt 0.41328125 0.886775
vt 0.41015625 0.8859375
vt 0.4005296875 0.803125
vt 0.4022046875 0.803125
vt 0.4022046875 0.8125
vt 0.4005296875 0.8125
vt 0.14765625 0.5897875
vt 0.14765625 0.5914625
vt 0.14453125 0.590625
vt 0.41244375 0.88365
vt 0.41328125 0.8851
vt 0.41015625 0.8859375
vt 0.4022046875 0.803125
vt 0.4038796875 0.803125
vt 0.4038796875 0.8125
vt 0.4022046875 0.8125
vt 0.14765625 0.5914625
vt 0.14681875 0.5929125
vt 0.14453125 0.590625
vt 0.41099375 0.8828125
vt 0.41244375 0.88365
vt 0.41015625 0.8859375
vt 0.3988546875 0.7484375
vt 0.4005296875 0.7484375
vt 0.4005296875 0.7578125
vt 0.3988546875 0.7578125
vt 0.14681875 0.5929125
vt 0.14536875 0.59375
vt 0.14453125 0.590625
vt 0.40931875 0.8828125
vt 0.41099375 0.8828125
vt 0.41015625 0.8859375
vt 0.4005296875 0.7484375
vt 0.4022046875 0.7484375
vt 0.4022046875 0.7578125
vt 0.4005296875 0.7578125
vt 0.14536875 0.59375
vt 0.14369375 0.59375
vt 0.14453125 0.590625
vt 0.40786875 0.88365
vt 0.40931875 0.8828125
vt 0.41015625 0.8859375
vt 0.4022046875 0.7484375
vt 0.4038796875 0.7484375
vt 0.4038796875 0.7578125
vt 0.4022046875 0.7578125
vt 0.14369375 0.59375
vt 0.14224375 0.5929125
vt 0.14453125 0.590625
vt 0.40703125 0.8851
vt 0.40786875 0.88365
vt 0.41015625 0.8859375
vt 0.2426046875 0.5921875
vt 0.2442796875 0.5921875
vt 0.2442796875 0.6015625
vt 0.2426046875 0.6015625
vt 0.14224375 0.5929125
vt 0.14140625 0.5914625
vt 0.14453125 0.590625
vt 0.40703125 0.886775
vt 0.40703125 0.8851
vt 0.41015625 0.8859375
vt 0.2442796875 0.5921875
vt 0.2459546875 0.5921875
vt 0.2459546875 0.6015625
vt 0.2442796875 0.6015625
vt 0.14140625 0.5914625
vt 0.14140625 0.5897875
vt 0.14453125 0.590625
vt 0.40786875 0.888225
vt 0.40703125 0.886775
vt 0.41015625 0.8859375
vt 0.2459546875 0.5921875
vt 0.2476296875 0.5921875
vt 0.2476296875 0.6015625
vt 0.2459546875 0.6015625
vt 0.14140625 0.5897875
vt 0.14224375 0.5883375
vt 0.14453125 0.590625
vt 0.40931875 0.8890625
vt 0.40786875 0.888225
vt 0.41015625 0.8859375
vt 0.2269796875 0.5921875
vt 0.2286546875 0.5921875
vt 0.2286546875 0.6015625
vt 0.2269796875 0.6015625
vt 0.14224375 0.5883375
vt 0.14369375 0.5875
vt 0.14453125 0.590625
vt 0.41099375 0.8890625
vt 0.40931875 0.8890625
vt 0.41015625 0.8859375
vt 0.2286546875 0.5921875
vt 0.2303296875 0.5921875
vt 0.2303296875 0.6015625
vt 0.2286546875 0.6015625
vt 0.14369375 0.5875
vt 0.14536875 0.5875
vt 0.14453125 0.590625
vn 0 -2.220446049250313e-16 1
vn 0.5 0.8660254037844387 1.922962686383564e-16
vn 0 2.220446049250313e-16 -1
vn 0 -2.220446049250313e-16 1
vn 0.8660254037844387 0.5 1.1102230246251565e-16
vn 0 2.220446049250313e-16 -1
vn 0 -2.220446049250313e-16 1
vn 1 0 0
vn 0 2.220446049250313e-16 -1
vn 0 -2.220446049250313e-16 1
vn 0.8660254037844386 -0.5000000000000003 -1.1102230246251573e-16
vn 0 2.220446049250313e-16 -1
vn 0 -2.220446049250313e-16 1
vn 0.5 -0.8660254037844388 -1.9229626863835643e-16
vn 0 2.220446049250313e-16 -1
vn 0 -2.220446049250313e-16 1
vn 5.179260919542348e-16 -1 -2.220446049250313e-16
vn 0 2.220446049250313e-16 -1
vn 0 -2.220446049250313e-16 1
vn -0.49999999999999967 -0.866025403784439 -1.9229626863835648e-16
vn 0 2.220446049250313e-16 -1
vn 0 -2.220446049250313e-16 1
vn -0.866025403784439 -0.49999999999999967 -1.1102230246251558e-16
vn 0 2.220446049250313e-16 -1
vn 0 -2.220446049250313e-16 1
vn -1 -5.179260919542353e-16 -1.1500269446834361e-31
vn 0 2.220446049250313e-16 -1
vn 0 -2.220446049250313e-16 1
vn -0.866025403784439 0.49999999999999933 1.110223024625155e-16
vn 0 2.220446049250313e-16 -1
vn 0 -2.220446049250313e-16 1
vn -0.5 0.8660254037844388 1.9229626863835643e-16
vn 0 2.220446049250313e-16 -1
vn 0 -2.220446049250313e-16 1
vn 0 1 2.220446049250313e-16
vn 0 2.220446049250313e-16 -1
usemtl m_77ac54df-b84a-5907-566f-a40e0ce18a0b
f 479/1425/363 477/1426/363 475/1427/363
f 477/1428/364 479/1429/364 480/1430/364 478/1431/364
f 478/1432/365 480/1433/365 476/1434/365
f 481/1435/366 479/1436/366 475/1437/366
f 479/1438/367 481/1439/367 482/1440/367 480/1441/367
f 480/1442/368 482/1443/368 476/1444/368
f 483/1445/369 481/1446/369 475/1447/369
f 481/1448/370 483/1449/370 484/1450/370 482/1451/370
f 482/1452/371 484/1453/371 476/1454/371
f 485/1455/372 483/1456/372 475/1457/372
f 483/1458/373 485/1459/373 486/1460/373 484/1461/373
f 484/1462/374 486/1463/374 476/1464/374
f 487/1465/375 485/1466/375 475/1467/375
f 485/1468/376 487/1469/376 488/1470/376 486/1471/376
f 486/1472/377 488/1473/377 476/1474/377
f 489/1475/378 487/1476/378 475/1477/378
f 487/1478/379 489/1479/379 490/1480/379 488/1481/379
f 488/1482/380 490/1483/380 476/1484/380
f 491/1485/381 489/1486/381 475/1487/381
f 489/1488/382 491/1489/382 492/1490/382 490/1491/382
f 490/1492/383 492/1493/383 476/1494/383
f 493/1495/384 491/1496/384 475/1497/384
f 491/1498/385 493/1499/385 494/1500/385 492/1501/385
f 492/1502/386 494/1503/386 476/1504/386
f 495/1505/387 493/1506/387 475/1507/387
f 493/1508/388 495/1509/388 496/1510/388 494/1511/388
f 494/1512/389 496/1513/389 476/1514/389
f 497/1515/390 495/1516/390 475/1517/390
f 495/1518/391 497/1519/391 498/1520/391 496/1521/391
f 496/1522/392 498/1523/392 476/1524/392
f 499/1525/393 497/1526/393 475/1527/393
f 497/1528/394 499/1529/394 500/1530/394 498/1531/394
f 498/1532/395 500/1533/395 476/1534/395
f 477/1535/396 499/1536/396 475/1537/396
f 499/1538/397 477/1539/397 478/1540/397 500/1541/397
f 500/1542/398 478/1543/398 476/1544/398
o cylinder
v -2.34187669256869e-18 0.31249999999999994 -0.2625000000000002
v -2.34187669256869e-18 0.3125000000000001 -0.8375000000000001
v 0.005024047358083548 0.33125 -0.2625000000000002
v 0.005024047358083548 0.3312500000000001 -0.8375000000000001
v 0.01372595264191645 0.3262259526419164 -0.2625000000000002
v 0.01372595264191645 0.32622595264191656 -0.8375000000000001
v 0.018750000000000003 0.31752404735808354 -0.2625000000000002
v 0.018750000000000003 0.31752404735808365 -0.8375000000000001
v 0.018750000000000003 0.3074759526419164 -0.2625000000000002
v 0.018750000000000003 0.3074759526419165 -0.8375000000000001
v 0.01372595264191645 0.2987740473580835 -0.2625000000000002
v 0.01372595264191645 0.29877404735808366 -0.8375000000000001
v 0.005024047358083554 0.29374999999999996 -0.2625000000000002
v 0.005024047358083554 0.29375000000000007 -0.8375000000000001
v -0.005024047358083546 0.29374999999999996 -0.2625000000000002
v -0.005024047358083546 0.29375000000000007 -0.8375000000000001
v -0.01372595264191645 0.2987740473580835 -0.2625000000000002
v -0.01372595264191645 0.29877404735808366 -0.8375000000000001
v -0.01875 0.3074759526419164 -0.2625000000000002
v -0.01875 0.3074759526419165 -0.8375000000000001
v -0.018750000000000003 0.3175240473580835 -0.2625000000000002
v -0.018750000000000003 0.31752404735808365 -0.8375000000000001
v -0.013725952641916455 0.3262259526419164 -0.2625000000000002
v -0.013725952641916455 0.32622595264191656 -0.8375000000000001
v -0.005024047358083552 0.33125 -0.2625000000000002
v -0.005024047358083552 0.3312500000000001 -0.8375000000000001
vt 0.0046453125 0.5685125
vt 0.0035578124999999998 0.569140625
vt 0.0029296875 0.566796875
vt 0.17445625 0.6546875
vt 0.1757125 0.6546875
vt 0.1757125 0.7265625
vt 0.17445625 0.7265625
vt 0.0191828125 0.565625
vt 0.0202703125 0.566253125
vt 0.0185546875 0.56796875
vt 0.0052734375 0.5674250000000001
vt 0.0046453125 0.5685125
vt 0.0029296875 0.566796875
vt 0.15631875 0.6546875
vt 0.157575 0.6546875
vt 0.157575 0.7265625
vt 0.15631875 0.7265625
vt 0.0202703125 0.566253125
vt 0.0208984375 0.5673406249999999
vt 0.0185546875 0.56796875
vt 0.0052734375 0.56616875
vt 0.0052734375 0.5674250000000001
vt 0.0029296875 0.566796875
vt 0.157575 0.6546875
vt 0.15883125 0.6546875
vt 0.15883125 0.7265625
vt 0.157575 0.7265625
vt 0.0208984375 0.5673406249999999
vt 0.0208984375 0.568596875
vt 0.0185546875 0.56796875
vt 0.0046453125 0.56508125
vt 0.0052734375 0.56616875
vt 0.0029296875 0.566796875
vt 0.15883125 0.6546875
vt 0.1600875 0.6546875
vt 0.1600875 0.7265625
vt 0.15883125 0.7265625
vt 0.0208984375 0.568596875
vt 0.0202703125 0.569684375
vt 0.0185546875 0.56796875
vt 0.0035578124999999998 0.564453125
vt 0.0046453125 0.56508125
vt 0.0029296875 0.566796875
vt 0.01569375 0.646875
vt 0.01695 0.646875
vt 0.01695 0.71875
vt 0.01569375 0.71875
vt 0.0202703125 0.569684375
vt 0.0191828125 0.5703125
vt 0.0185546875 0.56796875
vt 0.0023015625 0.564453125
vt 0.0035578124999999998 0.564453125
vt 0.0029296875 0.566796875
vt 0.01695 0.646875
vt 0.01820625 0.646875
vt 0.01820625 0.71875
vt 0.01695 0.71875
vt 0.0191828125 0.5703125
vt 0.0179265625 0.5703125
vt 0.0185546875 0.56796875
vt 0.0012140625 0.56508125
vt 0.0023015625 0.564453125
vt 0.0029296875 0.566796875
vt 0.01820625 0.646875
vt 0.0194625 0.646875
vt 0.0194625 0.71875
vt 0.01820625 0.71875
vt 0.0179265625 0.5703125
vt 0.0168390625 0.569684375
vt 0.0185546875 0.56796875
vt 0.0005859375000000001 0.56616875
vt 0.0012140625 0.56508125
vt 0.0029296875 0.566796875
vt 0.00006875000000000002 0.646875
vt 0.001325 0.646875
vt 0.001325 0.71875
vt 0.00006875000000000002 0.71875
vt 0.0168390625 0.569684375
vt 0.0162109375 0.568596875
vt 0.0185546875 0.56796875
vt 0.0005859375000000001 0.5674250000000001
vt 0.0005859375000000001 0.56616875
vt 0.0029296875 0.566796875
vt 0.001325 0.646875
vt 0.00258125 0.646875
vt 0.00258125 0.71875
vt 0.001325 0.71875
vt 0.0162109375 0.568596875
vt 0.0162109375 0.5673406249999999
vt 0.0185546875 0.56796875
vt 0.0012140625 0.5685125
vt 0.0005859375000000001 0.5674250000000001
vt 0.0029296875 0.566796875
vt 0.00258125 0.646875
vt 0.0038374999999999998 0.646875
vt 0.0038374999999999998 0.71875
vt 0.00258125 0.71875
vt 0.0162109375 0.5673406249999999
vt 0.0168390625 0.566253125
vt 0.0185546875 0.56796875
vt 0.0023015625 0.569140625
vt 0.0012140625 0.5685125
vt 0.0029296875 0.566796875
vt 0.17194375 0.6546875
vt 0.1732 0.6546875
vt 0.1732 0.7265625
vt 0.17194375 0.7265625
vt 0.0168390625 0.566253125
vt 0.0179265625 0.565625
vt 0.0185546875 0.56796875
vt 0.0035578124999999998 0.569140625
vt 0.0023015625 0.569140625
vt 0.0029296875 0.566796875
vt 0.1732 0.6546875
vt 0.17445625 0.6546875
vt 0.17445625 0.7265625
vt 0.1732 0.7265625
vt 0.0179265625 0.565625
vt 0.0191828125 0.565625
vt 0.0185546875 0.56796875
vn 0 -2.220446049250313e-16 1
vn 0.5000000000000001 0.8660254037844388 1.9229626863835643e-16
vn 0 2.220446049250313e-16 -1
vn 0 -2.220446049250313e-16 1
vn 0.8660254037844388 0.5000000000000001 1.1102230246251568e-16
vn 0 2.220446049250313e-16 -1
vn 0 -2.220446049250313e-16 1
vn 1 0 0
vn 0 2.220446049250313e-16 -1
vn 0 -2.220446049250313e-16 1
vn 0.8660254037844387 -0.5000000000000003 -1.1102230246251573e-16
vn 0 2.220446049250313e-16 -1
vn 0 -2.220446049250313e-16 1
vn 0.5 -0.8660254037844388 -1.9229626863835643e-16
vn 0 2.220446049250313e-16 -1
vn 0 -2.220446049250313e-16 1
vn 3.4528406130282313e-16 -1 -2.220446049250313e-16
vn 0 2.220446049250313e-16 -1
vn 0 -2.220446049250313e-16 1
vn -0.4999999999999996 -0.866025403784439 -1.9229626863835648e-16
vn 0 2.220446049250313e-16 -1
vn 0 -2.220446049250313e-16 1
vn -0.8660254037844388 -0.4999999999999996 -1.1102230246251557e-16
vn 0 2.220446049250313e-16 -1
vn 0 -2.220446049250313e-16 1
vn -1 -3.4528406130282343e-16 -7.666846297889572e-32
vn 0 2.220446049250313e-16 -1
vn 0 -2.220446049250313e-16 1
vn -0.8660254037844392 0.49999999999999917 1.1102230246251547e-16
vn 0 2.220446049250313e-16 -1
vn 0 -2.220446049250313e-16 1
vn -0.49999999999999994 0.8660254037844387 1.922962686383564e-16
vn 0 2.220446049250313e-16 -1
vn 0 -2.220446049250313e-16 1
vn 0 1 2.220446049250313e-16
vn 0 2.220446049250313e-16 -1
usemtl m_77ac54df-b84a-5907-566f-a40e0ce18a0b
f 505/1545/399 503/1546/399 501/1547/399
f 503/1548/400 505/1549/400 506/1550/400 504/1551/400
f 504/1552/401 506/1553/401 502/1554/401
f 507/1555/402 505/1556/402 501/1557/402
f 505/1558/403 507/1559/403 508/1560/403 506/1561/403
f 506/1562/404 508/1563/404 502/1564/404
f 509/1565/405 507/1566/405 501/1567/405
f 507/1568/406 509/1569/406 510/1570/406 508/1571/406
f 508/1572/407 510/1573/407 502/1574/407
f 511/1575/408 509/1576/408 501/1577/408
f 509/1578/409 511/1579/409 512/1580/409 510/1581/409
f 510/1582/410 512/1583/410 502/1584/410
f 513/1585/411 511/1586/411 501/1587/411
f 511/1588/412 513/1589/412 514/1590/412 512/1591/412
f 512/1592/413 514/1593/413 502/1594/413
f 515/1595/414 513/1596/414 501/1597/414
f 513/1598/415 515/1599/415 516/1600/415 514/1601/415
f 514/1602/416 516/1603/416 502/1604/416
f 517/1605/417 515/1606/417 501/1607/417
f 515/1608/418 517/1609/418 518/1610/418 516/1611/418
f 516/1612/419 518/1613/419 502/1614/419
f 519/1615/420 517/1616/420 501/1617/420
f 517/1618/421 519/1619/421 520/1620/421 518/1621/421
f 518/1622/422 520/1623/422 502/1624/422
f 521/1625/423 519/1626/423 501/1627/423
f 519/1628/424 521/1629/424 522/1630/424 520/1631/424
f 520/1632/425 522/1633/425 502/1634/425
f 523/1635/426 521/1636/426 501/1637/426
f 521/1638/427 523/1639/427 524/1640/427 522/1641/427
f 522/1642/428 524/1643/428 502/1644/428
f 525/1645/429 523/1646/429 501/1647/429
f 523/1648/430 525/1649/430 526/1650/430 524/1651/430
f 524/1652/431 526/1653/431 502/1654/431
f 503/1655/432 525/1656/432 501/1657/432
f 525/1658/433 503/1659/433 504/1660/433 526/1661/433
f 526/1662/434 504/1663/434 502/1664/434
o cube
v 0.03749999999999998 0.3812500000000001 0.18749999999999978
v 0.03749999999999998 0.3812500000000001 0.06249999999999978
v 0.03749999999999998 0.2812500000000001 0.18749999999999978
v 0.03749999999999998 0.2812500000000001 0.06249999999999978
v -0.03750000000000003 0.3812500000000001 0.06249999999999978
v -0.03750000000000003 0.3812500000000001 0.18749999999999978
v -0.03750000000000003 0.2812500000000001 0.06249999999999978
v -0.03750000000000003 0.2812500000000001 0.18749999999999978
vt 0.3515625 0.7578125
vt 0.361328125 0.7578125
vt 0.361328125 0.74609375
vt 0.3515625 0.74609375
vt 0.3046875 0.796875
vt 0.3203125 0.796875
vt 0.3203125 0.78515625
vt 0.3046875 0.78515625
vt 0.3515625 0.671875
vt 0.361328125 0.671875
vt 0.361328125 0.66015625
vt 0.3515625 0.66015625
vt 0.2109375 0.6953125
vt 0.2265625 0.6953125
vt 0.2265625 0.68359375
vt 0.2109375 0.68359375
vt 0.337890625 0.7265625
vt 0.328125 0.7265625
vt 0.328125 0.7421875
vt 0.337890625 0.7421875
vt 0.345703125 1
vt 0.3359375 1
vt 0.3359375 0.984375
vt 0.345703125 0.984375
vn 0 0 -1
vn 1 0 0
vn 0 0 1
vn -1 0 0
vn 0 1 0
vn 0 -1 0
usemtl m_77ac54df-b84a-5907-566f-a40e0ce18a0b
f 530/1668/435 533/1667/435 531/1666/435 528/1665/435
f 529/1672/436 530/1671/436 528/1670/436 527/1669/436
f 534/1676/437 529/1675/437 527/1674/437 532/1673/437
f 533/1680/438 534/1679/438 532/1678/438 531/1677/438
f 532/1684/439 527/1683/439 528/1682/439 531/1681/439
f 533/1688/440 530/1687/440 529/1686/440 534/1685/440
o cylinder
v 0.024999999999999998 0.36249999999999993 0.06250000000000012
v 0.024999999999999998 0.3625 -0.012499999999999845
v 0.03002404735808355 0.38125 0.06250000000000012
v 0.03002404735808355 0.38125 -0.012499999999999845
v 0.03872595264191645 0.3762259526419164 0.06250000000000012
v 0.03872595264191645 0.37622595264191644 -0.012499999999999845
v 0.043750000000000004 0.3675240473580835 0.06250000000000012
v 0.043750000000000004 0.3675240473580835 -0.012499999999999845
v 0.043750000000000004 0.3574759526419164 0.06250000000000012
v 0.043750000000000004 0.3574759526419164 -0.012499999999999845
v 0.03872595264191645 0.3487740473580835 0.06250000000000012
v 0.03872595264191645 0.34877404735808354 -0.012499999999999845
v 0.030024047358083554 0.34374999999999994 0.06250000000000012
v 0.030024047358083554 0.34374999999999994 -0.012499999999999845
v 0.019975952641916456 0.34374999999999994 0.06250000000000012
v 0.019975952641916456 0.34374999999999994 -0.012499999999999845
v 0.011274047358083551 0.3487740473580835 0.06250000000000012
v 0.011274047358083551 0.34877404735808354 -0.012499999999999845
v 0.006250000000000002 0.3574759526419164 0.06250000000000012
v 0.006250000000000002 0.3574759526419164 -0.012499999999999845
v 0.006249999999999999 0.36752404735808347 0.06250000000000012
v 0.006249999999999999 0.3675240473580835 -0.012499999999999845
v 0.011274047358083546 0.3762259526419164 0.06250000000000012
v 0.011274047358083546 0.37622595264191644 -0.012499999999999845
v 0.01997595264191645 0.38125 0.06250000000000012
v 0.01997595264191645 0.38125 -0.012499999999999845
vt 0.0358953125 0.5685125
vt 0.0348078125 0.569140625
vt 0.0341796875 0.566796875
vt 0.41664375 0.6546875
vt 0.4179 0.6546875
vt 0.4179 0.6640625
vt 0.41664375 0.6640625
vt 0.0504328125 0.565625
vt 0.0515203125 0.566253125
vt 0.0498046875 0.56796875
vt 0.0365234375 0.5674250000000001
vt 0.0358953125 0.5685125
vt 0.0341796875 0.566796875
vt 0.21100625 0.584375
vt 0.2122625 0.584375
vt 0.2122625 0.59375
vt 0.21100625 0.59375
vt 0.0515203125 0.566253125
vt 0.0521484375 0.5673406249999999
vt 0.0498046875 0.56796875
vt 0.0365234375 0.56616875
vt 0.0365234375 0.5674250000000001
vt 0.0341796875 0.566796875
vt 0.2122625 0.584375
vt 0.21351875 0.584375
vt 0.21351875 0.59375
vt 0.2122625 0.59375
vt 0.0521484375 0.5673406249999999
vt 0.0521484375 0.568596875
vt 0.0498046875 0.56796875
vt 0.0358953125 0.56508125
vt 0.0365234375 0.56616875
vt 0.0341796875 0.566796875
vt 0.21351875 0.584375
vt 0.214775 0.584375
vt 0.214775 0.59375
vt 0.21351875 0.59375
vt 0.0521484375 0.568596875
vt 0.0515203125 0.569684375
vt 0.0498046875 0.56796875
vt 0.0348078125 0.564453125
vt 0.0358953125 0.56508125
vt 0.0341796875 0.566796875
vt 0.41413125 0.63125
vt 0.4153875 0.63125
vt 0.4153875 0.640625
vt 0.41413125 0.640625
vt 0.0515203125 0.569684375
vt 0.0504328125 0.5703125
vt 0.0498046875 0.56796875
vt 0.0335515625 0.564453125
vt 0.0348078125 0.564453125
vt 0.0341796875 0.566796875
vt 0.4153875 0.63125
vt 0.41664375 0.63125
vt 0.41664375 0.640625
vt 0.4153875 0.640625
vt 0.0504328125 0.5703125
vt 0.0491765625 0.5703125
vt 0.0498046875 0.56796875
vt 0.0324640625 0.56508125
vt 0.0335515625 0.564453125
vt 0.0341796875 0.566796875
vt 0.41664375 0.63125
vt 0.4179 0.63125
vt 0.4179 0.640625
vt 0.41664375 0.640625
vt 0.0491765625 0.5703125
vt 0.0480890625 0.569684375
vt 0.0498046875 0.56796875
vt 0.0318359375 0.56616875
vt 0.0324640625 0.56508125
vt 0.0341796875 0.566796875
vt 0.35944375 0.5765625
vt 0.3607 0.5765625
vt 0.3607 0.5859375
vt 0.35944375 0.5859375
vt 0.0480890625 0.569684375
vt 0.0474609375 0.568596875
vt 0.0498046875 0.56796875
vt 0.0318359375 0.5674250000000001
vt 0.0318359375 0.56616875
vt 0.0341796875 0.566796875
vt 0.3607 0.5765625
vt 0.36195625 0.5765625
vt 0.36195625 0.5859375
vt 0.3607 0.5859375
vt 0.0474609375 0.568596875
vt 0.0474609375 0.5673406249999999
vt 0.0498046875 0.56796875
vt 0.0324640625 0.5685125
vt 0.0318359375 0.5674250000000001
vt 0.0341796875 0.566796875
vt 0.36195625 0.5765625
vt 0.3632125 0.5765625
vt 0.3632125 0.5859375
vt 0.36195625 0.5859375
vt 0.0474609375 0.5673406249999999
vt 0.0480890625 0.566253125
vt 0.0498046875 0.56796875
vt 0.0335515625 0.569140625
vt 0.0324640625 0.5685125
vt 0.0341796875 0.566796875
vt 0.41413125 0.6546875
vt 0.4153875 0.6546875
vt 0.4153875 0.6640625
vt 0.41413125 0.6640625
vt 0.0480890625 0.566253125
vt 0.0491765625 0.565625
vt 0.0498046875 0.56796875
vt 0.0348078125 0.569140625
vt 0.0335515625 0.569140625
vt 0.0341796875 0.566796875
vt 0.4153875 0.6546875
vt 0.41664375 0.6546875
vt 0.41664375 0.6640625
vt 0.4153875 0.6640625
vt 0.0491765625 0.565625
vt 0.0504328125 0.565625
vt 0.0498046875 0.56796875
vn 0 -2.220446049250313e-16 1
vn 0.5000000000000001 0.8660254037844388 1.9229626863835643e-16
vn 0 2.220446049250313e-16 -1
vn 0 -2.220446049250313e-16 1
vn 0.8660254037844388 0.5000000000000001 1.1102230246251568e-16
vn 0 2.220446049250313e-16 -1
vn 0 -2.220446049250313e-16 1
vn 1 0 0
vn 0 2.220446049250313e-16 -1
vn 0 -2.220446049250313e-16 1
vn 0.8660254037844386 -0.5000000000000003 -1.1102230246251573e-16
vn 0 2.220446049250313e-16 -1
vn 0 -2.220446049250313e-16 1
vn 0.5 -0.8660254037844387 -1.922962686383564e-16
vn 0 2.220446049250313e-16 -1
vn 0 -2.220446049250313e-16 1
vn 3.4528406130282313e-16 -1 -2.220446049250313e-16
vn 0 2.220446049250313e-16 -1
vn 0 -2.220446049250313e-16 1
vn -0.4999999999999995 -0.8660254037844389 -1.9229626863835646e-16
vn 0 2.220446049250313e-16 -1
vn 0 -2.220446049250313e-16 1
vn -0.8660254037844389 -0.49999999999999967 -1.1102230246251558e-16
vn 0 2.220446049250313e-16 -1
vn 0 -2.220446049250313e-16 1
vn -1 -3.4528406130282343e-16 -7.666846297889572e-32
vn 0 2.220446049250313e-16 -1
vn 0 -2.220446049250313e-16 1
vn -0.8660254037844392 0.4999999999999992 1.1102230246251548e-16
vn 0 2.220446049250313e-16 -1
vn 0 -2.220446049250313e-16 1
vn -0.49999999999999994 0.8660254037844388 1.9229626863835643e-16
vn 0 2.220446049250313e-16 -1
vn 0 -2.220446049250313e-16 1
vn 0 1 2.220446049250313e-16
vn 0 2.220446049250313e-16 -1
usemtl m_77ac54df-b84a-5907-566f-a40e0ce18a0b
f 539/1689/441 537/1690/441 535/1691/441
f 537/1692/442 539/1693/442 540/1694/442 538/1695/442
f 538/1696/443 540/1697/443 536/1698/443
f 541/1699/444 539/1700/444 535/1701/444
f 539/1702/445 541/1703/445 542/1704/445 540/1705/445
f 540/1706/446 542/1707/446 536/1708/446
f 543/1709/447 541/1710/447 535/1711/447
f 541/1712/448 543/1713/448 544/1714/448 542/1715/448
f 542/1716/449 544/1717/449 536/1718/449
f 545/1719/450 543/1720/450 535/1721/450
f 543/1722/451 545/1723/451 546/1724/451 544/1725/451
f 544/1726/452 546/1727/452 536/1728/452
f 547/1729/453 545/1730/453 535/1731/453
f 545/1732/454 547/1733/454 548/1734/454 546/1735/454
f 546/1736/455 548/1737/455 536/1738/455
f 549/1739/456 547/1740/456 535/1741/456
f 547/1742/457 549/1743/457 550/1744/457 548/1745/457
f 548/1746/458 550/1747/458 536/1748/458
f 551/1749/459 549/1750/459 535/1751/459
f 549/1752/460 551/1753/460 552/1754/460 550/1755/460
f 550/1756/461 552/1757/461 536/1758/461
f 553/1759/462 551/1760/462 535/1761/462
f 551/1762/463 553/1763/463 554/1764/463 552/1765/463
f 552/1766/464 554/1767/464 536/1768/464
f 555/1769/465 553/1770/465 535/1771/465
f 553/1772/466 555/1773/466 556/1774/466 554/1775/466
f 554/1776/467 556/1777/467 536/1778/467
f 557/1779/468 555/1780/468 535/1781/468
f 555/1782/469 557/1783/469 558/1784/469 556/1785/469
f 556/1786/470 558/1787/470 536/1788/470
f 559/1789/471 557/1790/471 535/1791/471
f 557/1792/472 559/1793/472 560/1794/472 558/1795/472
f 558/1796/473 560/1797/473 536/1798/473
f 537/1799/474 559/1800/474 535/1801/474
f 559/1802/475 537/1803/475 538/1804/475 560/1805/475
f 560/1806/476 538/1807/476 536/1808/476
o cylinder
v -0.018750000000000003 0.36249999999999993 0.07500000000000008
v -0.018750000000000003 0.3625 1.1102230246251565e-16
v -0.01372595264191645 0.38125 0.07500000000000008
v -0.01372595264191645 0.38125 1.1102230246251565e-16
v -0.005024047358083549 0.3762259526419164 0.07500000000000008
v -0.005024047358083549 0.37622595264191644 1.1102230246251565e-16
v 3.469446951953614e-18 0.3675240473580835 0.07500000000000008
v 3.469446951953614e-18 0.3675240473580835 1.1102230246251565e-16
v 3.469446951953614e-18 0.3574759526419164 0.07500000000000008
v 3.469446951953614e-18 0.3574759526419164 1.1102230246251565e-16
v -0.005024047358083549 0.3487740473580835 0.07500000000000008
v -0.005024047358083549 0.34877404735808354 1.1102230246251565e-16
v -0.013725952641916445 0.34374999999999994 0.07500000000000008
v -0.013725952641916445 0.34374999999999994 1.1102230246251565e-16
v -0.023774047358083545 0.34374999999999994 0.07500000000000008
v -0.023774047358083545 0.34374999999999994 1.1102230246251565e-16
v -0.03247595264191645 0.3487740473580835 0.07500000000000008
v -0.03247595264191645 0.34877404735808354 1.1102230246251565e-16
v -0.0375 0.3574759526419164 0.07500000000000008
v -0.0375 0.3574759526419164 1.1102230246251565e-16
v -0.037500000000000006 0.36752404735808347 0.07500000000000008
v -0.037500000000000006 0.3675240473580835 1.1102230246251565e-16
v -0.03247595264191645 0.3762259526419164 0.07500000000000008
v -0.03247595264191645 0.37622595264191644 1.1102230246251565e-16
v -0.023774047358083552 0.38125 0.07500000000000008
v -0.023774047358083552 0.38125 1.1102230246251565e-16
vt 0.1218328125 0.5685125
vt 0.1207453125 0.569140625
vt 0.1201171875 0.566796875
vt 0.42445625 0.990625
vt 0.4257125 0.990625
vt 0.4257125 1
vt 0.42445625 1
vt 0.1598078125 0.565625
vt 0.1608953125 0.566253125
vt 0.1591796875 0.56796875
vt 0.1224609375 0.5674250000000001
vt 0.1218328125 0.5685125
vt 0.1201171875 0.566796875
vt 0.41413125 0.6078125
vt 0.4153875 0.6078125
vt 0.4153875 0.6171875
vt 0.41413125 0.6171875
vt 0.1608953125 0.566253125
vt 0.1615234375 0.5673406249999999
vt 0.1591796875 0.56796875
vt 0.1224609375 0.56616875
vt 0.1224609375 0.5674250000000001
vt 0.1201171875 0.566796875
vt 0.4153875 0.6078125
vt 0.41664375 0.6078125
vt 0.41664375 0.6171875
vt 0.4153875 0.6171875
vt 0.1615234375 0.5673406249999999
vt 0.1615234375 0.568596875
vt 0.1591796875 0.56796875
vt 0.1218328125 0.56508125
vt 0.1224609375 0.56616875
vt 0.1201171875 0.566796875
vt 0.41664375 0.6078125
vt 0.4179 0.6078125
vt 0.4179 0.6171875
vt 0.41664375 0.6171875
vt 0.1615234375 0.568596875
vt 0.1608953125 0.569684375
vt 0.1591796875 0.56796875
vt 0.1207453125 0.564453125
vt 0.1218328125 0.56508125
vt 0.1201171875 0.566796875
vt 0.42194375 0.94375
vt 0.4232 0.94375
vt 0.4232 0.953125
vt 0.42194375 0.953125
vt 0.1608953125 0.569684375
vt 0.1598078125 0.5703125
vt 0.1591796875 0.56796875
vt 0.11948906249999999 0.564453125
vt 0.1207453125 0.564453125
vt 0.1201171875 0.566796875
vt 0.4232 0.94375
vt 0.42445625 0.94375
vt 0.42445625 0.953125
vt 0.4232 0.953125
vt 0.1598078125 0.5703125
vt 0.1585515625 0.5703125
vt 0.1591796875 0.56796875
vt 0.1184015625 0.56508125
vt 0.11948906249999999 0.564453125
vt 0.1201171875 0.566796875
vt 0.42445625 0.94375
vt 0.4257125 0.94375
vt 0.4257125 0.953125
vt 0.42445625 0.953125
vt 0.1585515625 0.5703125
vt 0.1574640625 0.569684375
vt 0.1591796875 0.56796875
vt 0.1177734375 0.56616875
vt 0.1184015625 0.56508125
vt 0.1201171875 0.566796875
vt 0.42194375 0.9671875
vt 0.4232 0.9671875
vt 0.4232 0.9765625
vt 0.42194375 0.9765625
vt 0.1574640625 0.569684375
vt 0.1568359375 0.568596875
vt 0.1591796875 0.56796875
vt 0.1177734375 0.5674250000000001
vt 0.1177734375 0.56616875
vt 0.1201171875 0.566796875
vt 0.4232 0.9671875
vt 0.42445625 0.9671875
vt 0.42445625 0.9765625
vt 0.4232 0.9765625
vt 0.1568359375 0.568596875
vt 0.1568359375 0.5673406249999999
vt 0.1591796875 0.56796875
vt 0.1184015625 0.5685125
vt 0.1177734375 0.5674250000000001
vt 0.1201171875 0.566796875
vt 0.42445625 0.9671875
vt 0.4257125 0.9671875
vt 0.4257125 0.9765625
vt 0.42445625 0.9765625
vt 0.1568359375 0.5673406249999999
vt 0.1574640625 0.566253125
vt 0.1591796875 0.56796875
vt 0.11948906249999999 0.569140625
vt 0.1184015625 0.5685125
vt 0.1201171875 0.566796875
vt 0.42194375 0.990625
vt 0.4232 0.990625
vt 0.4232 1
vt 0.42194375 1
vt 0.1574640625 0.566253125
vt 0.1585515625 0.565625
vt 0.1591796875 0.56796875
vt 0.1207453125 0.569140625
vt 0.11948906249999999 0.569140625
vt 0.1201171875 0.566796875
vt 0.4232 0.990625
vt 0.42445625 0.990625
vt 0.42445625 1
vt 0.4232 1
vt 0.1585515625 0.565625
vt 0.1598078125 0.565625
vt 0.1591796875 0.56796875
vn 0 -2.220446049250313e-16 1
vn 0.5000000000000001 0.8660254037844388 1.9229626863835643e-16
vn 0 2.220446049250313e-16 -1
vn 0 -2.220446049250313e-16 1
vn 0.8660254037844388 0.5000000000000001 1.1102230246251568e-16
vn 0 2.220446049250313e-16 -1
vn 0 -2.220446049250313e-16 1
vn 1 0 0
vn 0 2.220446049250313e-16 -1
vn 0 -2.220446049250313e-16 1
vn 0.8660254037844386 -0.5000000000000003 -1.1102230246251573e-16
vn 0 2.220446049250313e-16 -1
vn 0 -2.220446049250313e-16 1
vn 0.5 -0.8660254037844387 -1.922962686383564e-16
vn 0 2.220446049250313e-16 -1
vn 0 -2.220446049250313e-16 1
vn 3.4528406130282313e-16 -1 -2.220446049250313e-16
vn 0 2.220446049250313e-16 -1
vn 0 -2.220446049250313e-16 1
vn -0.4999999999999995 -0.8660254037844389 -1.9229626863835646e-16
vn 0 2.220446049250313e-16 -1
vn 0 -2.220446049250313e-16 1
vn -0.8660254037844389 -0.49999999999999967 -1.1102230246251558e-16
vn 0 2.220446049250313e-16 -1
vn 0 -2.220446049250313e-16 1
vn -1 -3.4528406130282343e-16 -7.666846297889572e-32
vn 0 2.220446049250313e-16 -1
vn 0 -2.220446049250313e-16 1
vn -0.8660254037844392 0.4999999999999992 1.1102230246251548e-16
vn 0 2.220446049250313e-16 -1
vn 0 -2.220446049250313e-16 1
vn -0.49999999999999994 0.8660254037844388 1.9229626863835643e-16
vn 0 2.220446049250313e-16 -1
vn 0 -2.220446049250313e-16 1
vn 0 1 2.220446049250313e-16
vn 0 2.220446049250313e-16 -1
usemtl m_77ac54df-b84a-5907-566f-a40e0ce18a0b
f 565/1809/477 563/1810/477 561/1811/477
f 563/1812/478 565/1813/478 566/1814/478 564/1815/478
f 564/1816/479 566/1817/479 562/1818/479
f 567/1819/480 565/1820/480 561/1821/480
f 565/1822/481 567/1823/481 568/1824/481 566/1825/481
f 566/1826/482 568/1827/482 562/1828/482
f 569/1829/483 567/1830/483 561/1831/483
f 567/1832/484 569/1833/484 570/1834/484 568/1835/484
f 568/1836/485 570/1837/485 562/1838/485
f 571/1839/486 569/1840/486 561/1841/486
f 569/1842/487 571/1843/487 572/1844/487 570/1845/487
f 570/1846/488 572/1847/488 562/1848/488
f 573/1849/489 571/1850/489 561/1851/489
f 571/1852/490 573/1853/490 574/1854/490 572/1855/490
f 572/1856/491 574/1857/491 562/1858/491
f 575/1859/492 573/1860/492 561/1861/492
f 573/1862/493 575/1863/493 576/1864/493 574/1865/493
f 574/1866/494 576/1867/494 562/1868/494
f 577/1869/495 575/1870/495 561/1871/495
f 575/1872/496 577/1873/496 578/1874/496 576/1875/496
f 576/1876/497 578/1877/497 562/1878/497
f 579/1879/498 577/1880/498 561/1881/498
f 577/1882/499 579/1883/499 580/1884/499 578/1885/499
f 578/1886/500 580/1887/500 562/1888/500
f 581/1889/501 579/1890/501 561/1891/501
f 579/1892/502 581/1893/502 582/1894/502 580/1895/502
f 580/1896/503 582/1897/503 562/1898/503
f 583/1899/504 581/1900/504 561/1901/504
f 581/1902/505 583/1903/505 584/1904/505 582/1905/505
f 582/1906/506 584/1907/506 562/1908/506
f 585/1909/507 583/1910/507 561/1911/507
f 583/1912/508 585/1913/508 586/1914/508 584/1915/508
f 584/1916/509 586/1917/509 562/1918/509
f 563/1919/510 585/1920/510 561/1921/510
f 585/1922/511 563/1923/511 564/1924/511 586/1925/511
f 586/1926/512 564/1927/512 562/1928/512
o cube
v 0.03749999999999998 0.35625000000000007 0.06249999999999978
v 0.03749999999999998 0.35625000000000007 -0.0062500000000002
v 0.03749999999999998 0.2812500000000001 0.06249999999999978
v 0.03749999999999998 0.2812500000000001 -0.0062500000000002
v -0.03750000000000003 0.35625000000000007 -0.0062500000000002
v -0.03750000000000003 0.35625000000000007 0.06249999999999978
v -0.03750000000000003 0.2812500000000001 -0.0062500000000002
v -0.03750000000000003 0.2812500000000001 0.06249999999999978
vt 0.03125 0.640625
vt 0.041015625 0.640625
vt 0.041015625 0.630859375
vt 0.03125 0.630859375
vt 0.3359375 0.640625
vt 0.34375 0.640625
vt 0.34375 0.630859375
vt 0.3359375 0.630859375
vt 0.0546875 0.640625
vt 0.064453125 0.640625
vt 0.064453125 0.630859375
vt 0.0546875 0.630859375
vt 0.296875 0.6328125
vt 0.3046875 0.6328125
vt 0.3046875 0.623046875
vt 0.296875 0.623046875
vt 0.158203125 0.6171875
vt 0.1484375 0.6171875
vt 0.1484375 0.625
vt 0.158203125 0.625
vt 0.384765625 0.8125
vt 0.375 0.8125
vt 0.375 0.8046875
vt 0.384765625 0.8046875
vn 0 0 -1
vn 1 0 0
vn 0 0 1
vn -1 0 0
vn 0 1 0
vn 0 -1 0
usemtl m_77ac54df-b84a-5907-566f-a40e0ce18a0b
f 590/1932/513 593/1931/513 591/1930/513 588/1929/513
f 589/1936/514 590/1935/514 588/1934/514 587/1933/514
f 594/1940/515 589/1939/515 587/1938/515 592/1937/515
f 593/1944/516 594/1943/516 592/1942/516 591/1941/516
f 592/1948/517 587/1947/517 588/1946/517 591/1945/517
f 593/1952/518 590/1951/518 589/1950/518 594/1949/518
o cuboid
v 0.18750000000000003 0.35625000000000007 0.24999999999999992
v 0.18750000000000003 0.35625000000000007 -0.00625
v 0.18750000000000003 0.23750000000000004 0.2499999999999998
v 0.18750000000000003 0.23750000000000004 -0.006249999999999978
v 0.1953125 0.35625000000000007 0.24999999999999992
v 0.1953125 0.35625000000000007 -0.00625
v 0.1953125 0.23750000000000004 0.2499999999999998
v 0.1953125 0.23750000000000004 -0.006249999999999978
vt 0.28125 0.9375
vt 0.28125 0.953125
vt 0.25 0.953125
vt 0.25 0.9375
vt 0.1875 0.75
vt 0.15625 0.75
vt 0.15625 0.734375
vt 0.1875 0.734375
vt 0.2421875 0.71875
vt 0.2421875 0.6875
vt 0.25 0.6875
vt 0.25 0.71875
vt 0.265625 0.71875
vt 0.2578125 0.71875
vt 0.2578125 0.6875
vt 0.265625 0.6875
vt 0.34375 0.6640625
vt 0.3359375 0.6640625
vt 0.3359375 0.6484375
vt 0.34375 0.6484375
vt 0.328125 0.6484375
vt 0.328125 0.6640625
vt 0.3203125 0.6640625
vt 0.3203125 0.6484375
vn -1 0 0
vn 1 0 0
vn 0 1 0
vn 0 -1 0
vn 0 -9.349246523159212e-16 1
vn 0 -1.899065700016715e-16 -1
usemtl m_77ac54df-b84a-5907-566f-a40e0ce18a0b
f 597/1953/519 595/1954/519 596/1955/519 598/1956/519
f 600/1957/520 599/1958/520 601/1959/520 602/1960/520
f 596/1961/521 595/1962/521 599/1963/521 600/1964/521
f 601/1965/522 597/1966/522 598/1967/522 602/1968/522
f 599/1969/523 595/1970/523 597/1971/523 601/1972/523
f 598/1973/524 596/1974/524 600/1975/524 602/1976/524
o cuboid
v 0.18750000000000003 0.35625000000000007 0.25625
v 0.18750000000000003 0.35625000000000007 0.25
v 0.18750000000000003 0.23750000000000004 0.3062499999999998
v 0.18750000000000003 0.23750000000000004 0.25000000000000006
v 0.1953125 0.35625000000000007 0.25625
v 0.1953125 0.35625000000000007 0.25
v 0.1953125 0.23750000000000004 0.3062499999999998
v 0.1953125 0.23750000000000004 0.25000000000000006
vt 0.358984375 0.6328125
vt 0.352734375 0.6484375
vt 0.351953125 0.6484375
vt 0.351953125 0.6328125
vt 0.3515625 0.9765625
vt 0.35 0.9765625
vt 0.34375 0.9609375
vt 0.3515625 0.9609375
vt 0.3828125 0.875
vt 0.3828125 0.8671875
vt 0.390625 0.8671875
vt 0.390625 0.875
vt 0.390625 0.859375
vt 0.3828125 0.859375
vt 0.3828125 0.8515625
vt 0.390625 0.8515625
vt 0.1328125 0.65625
vt 0.125 0.65625
vt 0.125 0.640625
vt 0.1328125 0.640625
vt 0.3515625 0.9140625
vt 0.3515625 0.9296875
vt 0.34375 0.9296875
vt 0.34375 0.9140625
vn -1 0 0
vn 1 0 0
vn 0 1 0
vn 0 -1 0
vn 0 0.38805700005813154 0.9216353751380658
vn 0 -4.674623261579606e-16 -1
usemtl m_77ac54df-b84a-5907-566f-a40e0ce18a0b
f 605/1977/525 603/1978/525 604/1979/525 606/1980/525
f 608/1981/526 607/1982/526 609/1983/526 610/1984/526
f 604/1985/527 603/1986/527 607/1987/527 608/1988/527
f 609/1989/528 605/1990/528 606/1991/528 610/1992/528
f 607/1993/529 603/1994/529 605/1995/529 609/1996/529
f 606/1997/530 604/1998/530 608/1999/530 610/2000/530
o cuboid
v -0.18750000000000003 0.35625 -0.006250000000000023
v -0.18750000000000003 0.35625 -0.00625
v -0.18750000000000003 0.23750000000000002 -0.0031250000000002005
v -0.18750000000000003 0.23750000000000002 -0.14375
v -0.1953125 0.35625 -0.006250000000000023
v -0.1953125 0.35625 0
v -0.1953125 0.23750000000000002 -0.0031250000000002005
v -0.1953125 0.23750000000000002 -0.14375
vt 0.1954271691082863 0.71875
vt 0.1954271691082863 0.71875
vt 0.1876146691082863 0.70934346403696
vt 0.1991040808917137 0.6960399346035178
vt 0.0875 0.7265625
vt 0.08671875 0.7265625
vt 0.087109375 0.7109375
vt 0.1046875 0.7109375
vt 0.3828125 0.8359375
vt 0.390625 0.8359375
vt 0.390625 0.84296875
vt 0.3828125 0.84375
vt 0.3515625 0.859375
vt 0.3515625 0.875
vt 0.34375 0.875
vt 0.34375 0.859375
vt 0.1484375 0.640625
vt 0.1484375 0.65625
vt 0.140625 0.65625
vt 0.140625 0.640625
vt 0.3046875 0.5770228319648449
vt 0.30409616307604387 0.578125
vt 0.2813861208734036 0.578125
vt 0.2813861208734036 0.5772599249134662
vn 1 0 0
vn 1 0 0
vn 0 -1 0
vn 0 -1 0
vn 0 0.026306682088231323 0.9996539193528472
vn -0.4633715654714343 0.6706693710770736 -0.5792144568392908
usemtl m_77ac54df-b84a-5907-566f-a40e0ce18a0b
f 611/2001/531 612/2002/531 613/2003/531 614/2004/531
f 615/2005/532 616/2006/532 617/2007/532 618/2008/532
f 615/2009/533 611/2010/533 612/2011/533 616/2012/533
f 614/2013/534 613/2014/534 617/2015/534 618/2016/534
f 613/2017/535 611/2018/535 615/2019/535 617/2020/535
f 616/2021/536 612/2022/536 614/2023/536 618/2024/536
o cuboid
v -0.18750000000000003 0.35625000000000007 0.24999999999999992
v -0.18750000000000003 0.35625000000000007 -0.00625
v -0.18750000000000003 0.23750000000000004 0.2499999999999998
v -0.18750000000000003 0.23750000000000004 -0.006249999999999978
v -0.1953125 0.35625000000000007 0.24999999999999992
v -0.1953125 0.35625000000000007 -0.00625
v -0.1953125 0.23750000000000004 0.2499999999999998
v -0.1953125 0.23750000000000004 -0.006249999999999978
vt 0.03125 0.7421875
vt 0 0.7421875
vt 0 0.7265625
vt 0.03125 0.7265625
vt 0.2890625 0.96875
vt 0.2890625 0.984375
vt 0.2578125 0.984375
vt 0.2578125 0.96875
vt 0.2734375 0.6875
vt 0.28125 0.6875
vt 0.28125 0.71875
vt 0.2734375 0.71875
vt 0.296875 0.7109375
vt 0.296875 0.7421875
vt 0.2890625 0.7421875
vt 0.2890625 0.7109375
vt 0.3515625 0.8125
vt 0.3515625 0.828125
vt 0.34375 0.828125
vt 0.34375 0.8125
vt 0.3515625 0.8515625
vt 0.34375 0.8515625
vt 0.34375 0.8359375
vt 0.3515625 0.8359375
vn 1 0 0
vn -1 0 0
vn 0 1 0
vn 0 -1 0
vn 0 -9.349246523159212e-16 1
vn 0 -1.899065700016715e-16 -1
usemtl m_77ac54df-b84a-5907-566f-a40e0ce18a0b
f 620/2025/537 619/2026/537 621/2027/537 622/2028/537
f 625/2029/538 623/2030/538 624/2031/538 626/2032/538
f 623/2033/539 619/2034/539 620/2035/539 624/2036/539
f 622/2037/540 621/2038/540 625/2039/540 626/2040/540
f 621/2041/541 619/2042/541 623/2043/541 625/2044/541
f 624/2045/542 620/2046/542 622/2047/542 626/2048/542
o cuboid
v -0.18750000000000003 0.35625000000000007 0.25625
v -0.18750000000000003 0.35625000000000007 0.25
v -0.18750000000000003 0.23750000000000004 0.3062499999999998
v -0.18750000000000003 0.23750000000000004 0.25000000000000006
v -0.1953125 0.35625000000000007 0.25625
v -0.1953125 0.35625000000000007 0.25
v -0.1953125 0.23750000000000004 0.3062499999999998
v -0.1953125 0.23750000000000004 0.25000000000000006
vt 0.1953125 0.65625
vt 0.19375 0.65625
vt 0.1875 0.640625
vt 0.1953125 0.640625
vt 0.366796875 0.984375
vt 0.360546875 1
vt 0.359765625 1
vt 0.359765625 0.984375
vt 0.171875 0.609375
vt 0.1796875 0.609375
vt 0.1796875 0.6171875
vt 0.171875 0.6171875
vt 0.390625 0.8203125
vt 0.390625 0.828125
vt 0.3828125 0.828125
vt 0.3828125 0.8203125
vt 0.2578125 0.640625
vt 0.2578125 0.65625
vt 0.25 0.65625
vt 0.25 0.640625
vt 0.2421875 0.65625
vt 0.234375 0.65625
vt 0.234375 0.640625
vt 0.2421875 0.640625
vn 1 0 0
vn -1 0 0
vn 0 1 0
vn 0 -1 0
vn 0 0.38805700005813154 0.9216353751380658
vn 0 -4.674623261579606e-16 -1
usemtl m_77ac54df-b84a-5907-566f-a40e0ce18a0b
f 628/2049/543 627/2050/543 629/2051/543 630/2052/543
f 633/2053/544 631/2054/544 632/2055/544 634/2056/544
f 631/2057/545 627/2058/545 628/2059/545 632/2060/545
f 630/2061/546 629/2062/546 633/2063/546 634/2064/546
f 629/2065/547 627/2066/547 631/2067/547 633/2068/547
f 632/2069/548 628/2070/548 630/2071/548 634/2072/548